Agriculture%2Band%2BEnvironment,/economy/environmentalaccounts
Environment,/economy/environmentalaccounts
Air%2BQuality,/peoplepopulationandcommunity/wellbeing
Climate%2BChange,/peoplepopulationandcommunity/wellbeing
Atmospheric%2BEmissions,/peoplepopulationandcommunity/wellbeing
Carbon%2BDioxide%2B%28Co2%29,/peoplepopulationandcommunity/wellbeing
Greenhouse%2BGas,/peoplepopulationandcommunity/wellbeing
Methane,/peoplepopulationandcommunity/wellbeing
Nitrous%2BOxide,/peoplepopulationandcommunity/wellbeing
Global%2BTemperature,/peoplepopulationandcommunity/wellbeing
Kyoto%2BProtocol,/peoplepopulationandcommunity/wellbeing
Ozone%2BLayer%2BDepletion,/peoplepopulationandcommunity/wellbeing
Aerosols,/peoplepopulationandcommunity/wellbeing
Antarctic%2BOzone%2BHole,/peoplepopulationandcommunity/wellbeing
Cfc,/peoplepopulationandcommunity/wellbeing
Chlorine%2BLoading,/peoplepopulationandcommunity/wellbeing
Column%2BOzone,/peoplepopulationandcommunity/wellbeing
Hcfc,/peoplepopulationandcommunity/wellbeing
Montreal%2BProtocol,/peoplepopulationandcommunity/wellbeing
Environmental%2BAccounts,/economy/environmentalaccounts
Environmental%2BImpacts,/peoplepopulationandcommunity/wellbeing
Pollution,/peoplepopulationandcommunity/wellbeing
Industrial%2BPollution,/peoplepopulationandcommunity/wellbeing
Light%2BPollution,/peoplepopulationandcommunity/wellbeing
Noise%2BPollution,/peoplepopulationandcommunity/wellbeing
Land%2Band%2BInland%2BWaters,/peoplepopulationandcommunity/wellbeing
Coastal%2BErosion%2Band%2BProtection,/peoplepopulationandcommunity/wellbeing
Conservation,/peoplepopulationandcommunity/wellbeing
Biodiversity%2BAction%2BPlan,/peoplepopulationandcommunity/wellbeing
Landscape%2BConservation,/peoplepopulationandcommunity/wellbeing
Plant%2BConservation,/peoplepopulationandcommunity/wellbeing
Public%2BAttitudes%2BTo%2BConservation,/peoplepopulationandcommunity/wellbeing
Sustainability%2BOf%2BConservation,/peoplepopulationandcommunity/wellbeing
Land,/peoplepopulationandcommunity/wellbeing
Agricultural%2BLand,/peoplepopulationandcommunity/wellbeing
Designated%2Band%2BProtected%2BAreas,/peoplepopulationandcommunity/wellbeing
Flooding,/peoplepopulationandcommunity/wellbeing
Rural%2BLand,/peoplepopulationandcommunity/wellbeing
Urban,/peoplepopulationandcommunity/wellbeing
Wetlands,/peoplepopulationandcommunity/wellbeing
Natural%2BResources,/peoplepopulationandcommunity/wellbeing
Energy%2Band%2BFuel,/peoplepopulationandcommunity/wellbeing
Land%2BCover,/peoplepopulationandcommunity/wellbeing
Oil%2Band%2BGas,/peoplepopulationandcommunity/wellbeing
Water%2BQuality,/peoplepopulationandcommunity/wellbeing
River%2Band%2BReservoir%2BWater%2BQuality,/peoplepopulationandcommunity/wellbeing
Water%2BResources,/peoplepopulationandcommunity/wellbeing
Rainfall,/peoplepopulationandcommunity/wellbeing
Water%2BAbstraction,/peoplepopulationandcommunity/wellbeing
Water%2BConservation,/peoplepopulationandcommunity/wellbeing
Water%2BConsumption,/peoplepopulationandcommunity/wellbeing
Water%2BContamination,/peoplepopulationandcommunity/wellbeing
Water%2BLeakage,/peoplepopulationandcommunity/wellbeing
Water%2BSupply,/peoplepopulationandcommunity/wellbeing
Waste%2Band%2BRecycling,/peoplepopulationandcommunity/wellbeing
Composting,/peoplepopulationandcommunity/wellbeing
Municipal%2BWaste,/peoplepopulationandcommunity/wellbeing
Recycling,/peoplepopulationandcommunity/wellbeing
Sewage%2BTreatment%2Band%2BDisposal,/peoplepopulationandcommunity/wellbeing
Water%2Band%2BSewerage%2BOperators,/peoplepopulationandcommunity/wellbeing
Wildlife,/peoplepopulationandcommunity/wellbeing
Wildlife%2BHabitats,/peoplepopulationandcommunity/wellbeing
Business%2Band%2BEnergy,/businessindustryandtrade/
Businesses,/businessindustryandtrade/business
Changes%2BTo%2BBusinesses,/businessindustryandtrade/changestobusiness
Bankruptcy,/businessindustryandtrade/changestobusiness/bankruptcy/insolvency
Business%2BBirths,/businessindustryandtrade/changestobusiness/businessbirthsdeathsandsurvivalrates
Business%2BDeaths,/businessindustryandtrade/changestobusiness/businessbirthsdeathsandsurvivalrates
Business%2BSurvival%2BRates,/businessindustryandtrade/changestobusiness/businessbirthsdeathsandsurvivalrates
Insolvency,/businessindustryandtrade/changestobusiness/bankruptcy/insolvency
Mergers%2Band%2BAcquisitions,/businessindustryandtrade/changestobusiness/mergersandacquisitions
International%2BTrade,/businessindustryandtrade/internationaltrade
Export%2Band%2BImport%2BBusinesses,/businessindustryandtrade/internationaltrade
Foreign%2BDirect%2BInvestment,/businessindustryandtrade/internationaltrade
International%2BTrade%2BIn%2BGoods,/businessindustryandtrade/internationaltrade
International%2BTrade%2BIn%2BServices,/businessindustryandtrade/internationaltrade
Locations%2BOf%2BBusinesses,/businessindustryandtrade/business/activitysizeandlocation
Businesses%2BBy%2BIndustry%2BSector,/businessindustryandtrade/business/activitysizeandlocation
Businesses%2BBy%2BRegion,/businessindustryandtrade/business/activitysizeandlocation
Businesses%2BBy%2BSize,/businessindustryandtrade/business/activitysizeandlocation
Research%2Band%2BDevelopment%2BIn%2BBusiness,/businessindustryandtrade/business/businessinnovation
Business%2BInnovation,/businessindustryandtrade/business/businessinnovation
Structure%2BOf%2BBusinesses,/businessindustryandtrade/business/activitysizeandlocation
Businesses%2BBy%2BEmployment%2BSize,/businessindustryandtrade/business/activitysizeandlocation
Businesses%2BBy%2BTurnover,/businessindustryandtrade/business/activitysizeandlocation
Enterprises%2BBy%2BSize%2Band%2BNumber,/businessindustryandtrade/business/activitysizeandlocation
Legal%2BStatus%2BOf%2BBusinesses,/businessindustryandtrade/business/activitysizeandlocation
Local%2BUnits%2BBy%2BSize%2Band%2BNumber,/businessindustryandtrade/business/activitysizeandlocation
Regional%2BCompetitiveness,/businessindustryandtrade/business/activitysizeandlocation
Small%2Band%2BMedium%2BEnterprises,/businessindustryandtrade/business/activitysizeandlocation
Energy,/businessindustryandtrade/business
Energy%2BPrices,/businessindustryandtrade/business
Diesel%2BPrices%2BIn%2BThe%2BEu,/businessindustryandtrade/business
Domestic%2BFuel%2BPrices,/businessindustryandtrade/business
Industrial%2BFuel%2BPrices,/businessindustryandtrade/business
Oil%2Band%2BPetroleum%2BPrices,/businessindustryandtrade/business
Energy%2BProduction%2Band%2BConsumption,/businessindustryandtrade/business
Energy%2BEfficiency,/businessindustryandtrade/business
Fuel%2BPoverty,/businessindustryandtrade/business
Fuel%2BPoverty%2BRatio,/businessindustryandtrade/business
Warm%2BFront%2BScheme,/businessindustryandtrade/business
Production%2BIndustries,/businessindustryandtrade/manufacturingandproductionindustry
Building%2Band%2BConstruction,/businessindustryandtrade/constructionindustry
Building%2Band%2BConstruction%2BEmployment,/businessindustryandtrade/constructionindustry
Building%2Band%2BConstruction%2BFinancial%2BData,/businessindustryandtrade/constructionindustry
Building%2Band%2BConstruction%2BCapital%2BExpenditure,/economy/nationalaccounts
Building%2Band%2BConstruction%2BGva,/economy/nationalaccounts
Building%2Band%2BConstruction%2BPurchases,/economy/nationalaccounts
Building%2Band%2BConstruction%2BStocks%2Band%2BWork%2BIn%2BProgress,/economy/nationalaccounts
Building%2Band%2BConstruction%2BTurnover,/economy/nationalaccounts
Building%2BMaterials,/businessindustryandtrade/constructionindustry
Civil%2BEngineering,/businessindustryandtrade/constructionindustry
Commercial%2BFloor%2BSpace,/businessindustryandtrade/constructionindustry
Employment%2BIn%2BThe%2BConstruction%2BIndustry,/businessindustryandtrade/constructionindustry
Investment%2Band%2BExpenditure%2BIn%2BThe%2BConstruction%2BIndustry,/businessindustryandtrade/constructionindustry
Private%2BFinance%2BInitiative,/economy/nationalaccounts
Public%2BPrivate%2BPartnership,/economy/nationalaccounts
Key%2BPerformance%2BIndicators%2BIn%2BThe%2BConstruction%2BIndustry,/businessindustryandtrade/constructionindustry
New%2BOrders%2BIn%2BThe%2BConstruction%2BIndustry,/businessindustryandtrade/constructionindustry
Output%2BIn%2BThe%2BConstruction%2BIndustry,/businessindustryandtrade/constructionindustry
Planning%2BApplications%2Band%2BDecisions,/businessindustryandtrade/constructionindustry
Scheduled%2BMonuments,/businessindustryandtrade/constructionindustry
Structure%2BOf%2BThe%2BConstruction%2BIndustry,/businessindustryandtrade/constructionindustry
Uk%2BRegions%2Band%2BThe%2BConstruction%2BIndustry,/businessindustryandtrade/constructionindustry
Manufacturing,/businessindustryandtrade/manufacturingandproductionindustry
Brooms%2Band%2BBrushes,/businessindustryandtrade/manufacturingandproductionindustry
Chemicals%2Band%2BChemical%2BProducts,/businessindustryandtrade/manufacturingandproductionindustry
Coke%2Band%2BPetroleum%2BProducts,/businessindustryandtrade/manufacturingandproductionindustry
Electrical%2BProducts,/businessindustryandtrade/manufacturingandproductionindustry
Food%2BBeverages%2Band%2BTobacco,/businessindustryandtrade/manufacturingandproductionindustry
Jewellery,/businessindustryandtrade/manufacturingandproductionindustry
Machinery,/businessindustryandtrade/manufacturingandproductionindustry
Manufacturing%2BEmployment,/businessindustryandtrade/manufacturingandproductionindustry
Manufacturing%2BFinancial%2BData,/businessindustryandtrade/manufacturingandproductionindustry
Manufacturing%2BCapital%2BExpenditure,/economy/nationalaccounts
Manufacturing%2BGva,/economy/nationalaccounts
Manufacturing%2BPurchases,/economy/nationalaccounts
Manufacturing%2BStocks%2Band%2BWork%2BIn%2BProgress,/economy/nationalaccounts
Manufacturing%2BTurnover,/economy/nationalaccounts
Medical%2Band%2BDental%2BProducts,/businessindustryandtrade/manufacturingandproductionindustry
Metal%2BProducts,/businessindustryandtrade/manufacturingandproductionindustry
Mineral%2BProducts,/businessindustryandtrade/manufacturingandproductionindustry
Musical%2BInstruments,/businessindustryandtrade/manufacturingandproductionindustry
Paper%2Band%2BPaper%2BProducts,/businessindustryandtrade/manufacturingandproductionindustry
Pharmaceuticals,/businessindustryandtrade/manufacturingandproductionindustry
Repair%2BOf%2BMachinery,/businessindustryandtrade/manufacturingandproductionindustry
Rubber%2Band%2BPlastic%2BProducts,/businessindustryandtrade/manufacturingandproductionindustry
Sports%2BGoods,/businessindustryandtrade/manufacturingandproductionindustry
Textiles%2Band%2BClothing%2BProducts,/businessindustryandtrade/manufacturingandproductionindustry
Toys%2Band%2BGames,/businessindustryandtrade/manufacturingandproductionindustry
Transport%2BProducts,/businessindustryandtrade/manufacturingandproductionindustry
Wood%2Band%2BWood%2BProducts,/businessindustryandtrade/manufacturingandproductionindustry
Primary%2BProduction,/businessindustryandtrade/manufacturingandproductionindustry
Mining%2Band%2BQuarrying,/businessindustryandtrade/manufacturingandproductionindustry
Primary%2BProduction%2BEmployment,/businessindustryandtrade/manufacturingandproductionindustry
Primary%2BProduction%2BFinancial%2BData,/businessindustryandtrade/manufacturingandproductionindustry
Primary%2BProduction%2BCapital%2BExpenditure,/economy/nationalaccounts
Primary%2BProduction%2BGva,/economy/nationalaccounts
Primary%2BProduction%2BPurchases,/economy/nationalaccounts
Primary%2BProduction%2BStocks%2Band%2BWork%2BIn%2BProgress,/economy/nationalaccounts
Primary%2BProduction%2BTurnover,/economy/nationalaccounts
Water%2Band%2BSewage%2BCapital%2BExpenditure,/economy/nationalaccounts
Water%2Band%2BSewage%2BGva,/economy/nationalaccounts
Water%2Band%2BSewage%2BPurchases,/economy/nationalaccounts
Water%2Band%2BSewage%2BStocks%2Band%2BWork%2BIn%2BProgress,/economy/nationalaccounts
Water%2Band%2BSewage%2BTurnover,/economy/nationalaccounts
Services,/businessindustryandtrade/business/businessservices
Business%2BServices,/businessindustryandtrade/business/businessservices
Administrative%2Band%2BSupport%2BActivities,/businessindustryandtrade/business/businessservices
Call%2BCentres,/businessindustryandtrade/business/businessservices
Cleaning%2BServices,/businessindustryandtrade/business/businessservices
Security%2Band%2BInvestigation%2BServices,/businessindustryandtrade/business/businessservices
Business%2BServices%2BEmployment,/businessindustryandtrade/business/businessservices
Business%2BServices%2BFinancial%2BData,/businessindustryandtrade/business/businessservices
Business%2BServices%2BCapital%2BExpenditure,/economy/nationalaccounts
Business%2BServices%2BGva,/economy/nationalaccounts
Business%2BServices%2BPurchases,/economy/nationalaccounts
Business%2BServices%2BStocks%2Band%2BWork%2BIn%2BProgress,/economy/nationalaccounts
Business%2BServices%2BTurnover,/economy/nationalaccounts
Information%2Band%2BCommunication%2BActivities,/businessindustryandtrade/business/businessservices
Programme%2Band%2BBroadcasting%2BActivities,/businessindustryandtrade/business/businessservices
Publishing,/businessindustryandtrade/business/businessservices
Software%2Band%2BComputer%2BServices,/businessindustryandtrade/itandinternetindustry
Telecommunications,/businessindustryandtrade/business/businessservices
Professional%2BScientific%2Band%2BTechnical%2BActivities,/businessindustryandtrade/business/businessservices
Legal%2Band%2BAccounting%2BActivities,/businessindustryandtrade/business/businessservices
Management%2BConsultancy,/businessindustryandtrade/business/businessservices
Market%2BResearch,/businessindustryandtrade/business/businessservices
Real%2BEstate%2BActivities,/businessindustryandtrade/business/businessservices
Retail%2Band%2BDistribution,/businessindustryandtrade/retailindustry
Repair%2BOf%2BVehicles,/businessindustryandtrade/retailindustry
Retail%2Band%2BDistribution%2BEmployment,/businessindustryandtrade/retailindustry
Retail%2Band%2BDistribution%2BFinancial%2BData,/businessindustryandtrade/retailindustry
Retail%2Band%2BDistribution%2BCapital%2BExpenditure,/economy/nationalaccounts
Retail%2Band%2BDistribution%2BGva,/economy/nationalaccounts
Retail%2Band%2BDistribution%2BPurchases,/economy/nationalaccounts
Retail%2Band%2BDistribution%2BStocks%2Band%2BWork%2BIn%2BProgress,/economy/nationalaccounts
Retail%2Band%2BDistribution%2BTurnover,/economy/nationalaccounts
Retail%2BTrade,/businessindustryandtrade/retailindustry
Wholesale%2BTrade,/businessindustryandtrade/retailindustry
Children%2BEducation%2Band%2BSkills,/peoplepopulationandcommunity/educationandchildcare
Children%2Band%2BEarly%2BYears%27%2BEducation,/peoplepopulationandcommunity/educationandchildcare
Child%2BSafety%2Band%2BWellbeing,/peoplepopulationandcommunity/educationandchildcare
Children%2BAt%2BChildcare,/peoplepopulationandcommunity/educationandchildcare
Children%2BUnder%2BFive,/peoplepopulationandcommunity/educationandchildcare
Early%2BYears%27%2BEducation,/peoplepopulationandcommunity/educationandchildcare
Birth%2BTo%2BThree%2BMatters,/peoplepopulationandcommunity/educationandchildcare
Pupil%2BAdult%2BRatios%2BIn%2BEarly%2BYears%27%2BEducation,/peoplepopulationandcommunity/educationandchildcare
Pupil%2BTeacher%2BRatios%2BIn%2BEarly%2BYears%27%2BEducation,/peoplepopulationandcommunity/educationandchildcare
The%2BFoundation%2BStage,/peoplepopulationandcommunity/educationandchildcare
Higher%2BEducation%2Band%2BAdult%2BLearning,/peoplepopulationandcommunity/educationandchildcare
Higher%2BEducation%2Band%2BAdult%2BLearning%2BProviders,/peoplepopulationandcommunity/educationandchildcare
Applications%2BTo%2BHigher%2BEducation%2Band%2BAdult%2BLearning%2BProviders,/peoplepopulationandcommunity/educationandchildcare
Entry%2BQualifications%2BFor%2BCourses,/peoplepopulationandcommunity/educationandchildcare
Higher%2BEducation%2BFinance,/peoplepopulationandcommunity/educationandchildcare
Standards%2BIn%2BHigher%2BEducation,/peoplepopulationandcommunity/educationandchildcare
Higher%2BEducation%2BAttainment%2Band%2BBehaviour,/peoplepopulationandcommunity/educationandchildcare
Higher%2BEducation%2BPersonnel,/peoplepopulationandcommunity/educationandchildcare
Earnings%2BOf%2BHigher%2BEducation%2BPersonnel,/peoplepopulationandcommunity/educationandchildcare
Ethnicity%2BOf%2BHigher%2BEducation%2BPersonnel,/peoplepopulationandcommunity/educationandchildcare
Lecturers,/peoplepopulationandcommunity/educationandchildcare
Qualifications%2BOf%2BHigher%2BEducation%2BPersonnel,/peoplepopulationandcommunity/educationandchildcare
Sickness%2Band%2BAbsence%2BOf%2BHigher%2BEducation%2BPersonnel,/peoplepopulationandcommunity/educationandchildcare
Staff%2BTurnover%2BOf%2BHigher%2BEducation%2BPersonnel,/peoplepopulationandcommunity/educationandchildcare
Supply%2Band%2BDemand%2BFor%2BHigher%2BEducation%2BPersonnel,/peoplepopulationandcommunity/educationandchildcare
Terms%2BOf%2BEmployment%2BOf%2BHigher%2BEducation%2BPersonnel,/peoplepopulationandcommunity/educationandchildcare
Vacancies%2BFor%2BHigher%2BEducation%2BPersonnel,/peoplepopulationandcommunity/educationandchildcare
Workloads%2Band%2BResponsibilities%2BOf%2BHigher%2BEducation%2BPersonnel,/peoplepopulationandcommunity/educationandchildcare
Higher%2BEducation%2BSkills%2Band%2BQualifications,/peoplepopulationandcommunity/educationandchildcare
Degrees,/peoplepopulationandcommunity/educationandchildcare
Higher%2BEducation%2BStudents,/peoplepopulationandcommunity/educationandchildcare
Ethnicity%2BOf%2BStudents,/peoplepopulationandcommunity/educationandchildcare
Funding%2BFor%2BHigher%2BEducation%2BStudents,/peoplepopulationandcommunity/educationandchildcare
Graduate%2BNumbers,/peoplepopulationandcommunity/educationandchildcare
Postgraduates,/peoplepopulationandcommunity/educationandchildcare
Student%2BDestinations,/peoplepopulationandcommunity/educationandchildcare
Student%2BFinance,/peoplepopulationandcommunity/educationandchildcare
Undergraduates,/peoplepopulationandcommunity/educationandchildcare
School%2Band%2BCollege%2BEducation,/peoplepopulationandcommunity/educationandchildcare
Pupils%2Band%2BStudents,/peoplepopulationandcommunity/educationandchildcare
Boarding%2BPupils,/peoplepopulationandcommunity/educationandchildcare
Classes%2Band%2BClass%2BSizes,/peoplepopulationandcommunity/educationandchildcare
Ethnicity%2BOf%2BPupils%2Band%2BStudents,/peoplepopulationandcommunity/educationandchildcare
Part-time%2BPupils,/peoplepopulationandcommunity/educationandchildcare
Pupil%2BAdult%2BRatios,/peoplepopulationandcommunity/educationandchildcare
Pupil%2Band%2BStudent%2BEnrolments,/peoplepopulationandcommunity/educationandchildcare
Pupil%2Band%2BStudent%2BExclusions,/peoplepopulationandcommunity/educationandchildcare
Pupil%2BNumbers%2Band%2BProjections,/peoplepopulationandcommunity/educationandchildcare
Pupil%2BTeacher%2BRatios,/peoplepopulationandcommunity/educationandchildcare
Pupils%2Band%2BStudents%2BWith%2BSpecial%2BNeeds,/peoplepopulationandcommunity/educationandchildcare
School%2Band%2BCollege%2BAttendance,/peoplepopulationandcommunity/educationandchildcare
School%2BLeavers,/peoplepopulationandcommunity/educationandchildcare
School%2Band%2BCollege%2BAttainment%2Band%2BBehaviour,/peoplepopulationandcommunity/educationandchildcare
School%2Band%2BCollege%2BPersonnel,/peoplepopulationandcommunity/educationandchildcare
Earnings%2BOf%2BQualified%2BTeachers,/peoplepopulationandcommunity/educationandchildcare
Qualifications%2BOf%2BSchool%2Band%2BCollege%2BPersonnel,/peoplepopulationandcommunity/educationandchildcare
Sickness%2Band%2BAbsence%2BOf%2BSchool%2Band%2BCollege%2BPersonnel,/peoplepopulationandcommunity/educationandchildcare
Staff%2BTurnover%2BOf%2BSchool%2Band%2BCollege%2BPersonnel,/peoplepopulationandcommunity/educationandchildcare
Supply%2Band%2BDemand%2BOf%2BSchool%2Band%2BCollege%2BPersonnel,/peoplepopulationandcommunity/educationandchildcare
Teachers,/peoplepopulationandcommunity/educationandchildcare
Ethnicity%2BOf%2BTeaching%2BStaff,/peoplepopulationandcommunity/educationandchildcare
New%2BTeachers,/peoplepopulationandcommunity/educationandchildcare
Part-time%2BTeachers,/peoplepopulationandcommunity/educationandchildcare
Student%2BTeachers,/peoplepopulationandcommunity/educationandchildcare
Teacher%2BTraining,/peoplepopulationandcommunity/educationandchildcare
Teaching%2BStaff%2BWith%2BDisabilities,/peoplepopulationandcommunity/educationandchildcare
Wastage%2BOf%2BTeachers,/peoplepopulationandcommunity/educationandchildcare
Terms%2BOf%2BEmployment%2BOf%2BSchool%2Band%2BCollege%2BPersonnel,/peoplepopulationandcommunity/educationandchildcare
Vacancies%2BFor%2BSchool%2Band%2BCollege%2BPersonnel,/peoplepopulationandcommunity/educationandchildcare
Posts%2BFor%2BNewly%2BTrained%2BTeachers,/peoplepopulationandcommunity/educationandchildcare
Workloads%2Band%2BResponsibilities%2BOf%2BSchool%2Band%2BCollege%2BPersonnel,/peoplepopulationandcommunity/educationandchildcare
School%2Band%2BCollege%2BSkills%2Band%2BQualifications,/peoplepopulationandcommunity/educationandchildcare
Key%2BSkills,/peoplepopulationandcommunity/educationandchildcare
National%2BCurriculum%2BResults%2Band%2BTests,/peoplepopulationandcommunity/educationandchildcare
National%2BTargets,/peoplepopulationandcommunity/educationandchildcare
Vocational%2BCourses,/peoplepopulationandcommunity/educationandchildcare
Apprenticeship%2BCourses,/peoplepopulationandcommunity/educationandchildcare
Gnvq,/peoplepopulationandcommunity/educationandchildcare
Gsvq,/peoplepopulationandcommunity/educationandchildcare
Nvq,/peoplepopulationandcommunity/educationandchildcare
Svq,/peoplepopulationandcommunity/educationandchildcare
Training%2BFor%2BWork%2BProgramme,/peoplepopulationandcommunity/educationandchildcare
Vocational%2BCourses%2BFunded%2BBy%2BEmployer,/peoplepopulationandcommunity/educationandchildcare
Vocational%2BCourses%2BSupported%2BBy%2BGovernment,/peoplepopulationandcommunity/educationandchildcare
Schools%2Band%2BColleges,/peoplepopulationandcommunity/educationandchildcare
Academies,/peoplepopulationandcommunity/educationandchildcare
Boarding%2BSchools,/peoplepopulationandcommunity/educationandchildcare
City%2BTechnology%2BColleges,/peoplepopulationandcommunity/educationandchildcare
College%2BCourses,/peoplepopulationandcommunity/educationandchildcare
Faith%2BSchools,/peoplepopulationandcommunity/educationandchildcare
Further%2BEducation%2BColleges,/peoplepopulationandcommunity/educationandchildcare
Independent%2BSchools,/peoplepopulationandcommunity/educationandchildcare
National%2BCurriculum,/peoplepopulationandcommunity/educationandchildcare
School%2BMeals,/peoplepopulationandcommunity/educationandchildcare
Size%2Band%2BStatus%2BOf%2BSchools%2Band%2BColleges,/peoplepopulationandcommunity/educationandchildcare
Special%2BSchools,/peoplepopulationandcommunity/educationandchildcare
Standards%2BIn%2BEducation,/peoplepopulationandcommunity/educationandchildcare
State%2BSchools,/peoplepopulationandcommunity/educationandchildcare
Crime%2Band%2BJustice,/peoplepopulationandcommunity/crimeandjustice
Crime,/peoplepopulationandcommunity/crimeandjustice
Crime%2BTrends,/peoplepopulationandcommunity/crimeandjustice
Alcohol%2BRelated%2BCrime,/peoplepopulationandcommunity/crimeandjustice
Business%2BCrime,/peoplepopulationandcommunity/crimeandjustice
Crime%2BIn%2BEngland%2Band%2BWales,/peoplepopulationandcommunity/crimeandjustice
Fraud,/peoplepopulationandcommunity/crimeandjustice
Identity%2BCrime,/peoplepopulationandcommunity/crimeandjustice
Hate%2BCrime,/peoplepopulationandcommunity/crimeandjustice
International%2BComparisons%2BOf%2BCrime,/peoplepopulationandcommunity/crimeandjustice
Organised%2BCrime,/peoplepopulationandcommunity/crimeandjustice
Terrorism,/peoplepopulationandcommunity/crimeandjustice
Criminal%2BDamage%2Band%2BAnti-Social%2BBehaviour,/peoplepopulationandcommunity/crimeandjustice
Drug%2BCrime,/peoplepopulationandcommunity/crimeandjustice
Drug%2BSeizures,/peoplepopulationandcommunity/crimeandjustice
Property%2BCrime,/peoplepopulationandcommunity/crimeandjustice
Burglary,/peoplepopulationandcommunity/crimeandjustice
Vehicle%2BRelated%2BCrime,/peoplepopulationandcommunity/crimeandjustice
Victims%2BOf%2BCrime,/peoplepopulationandcommunity/crimeandjustice
Repeat%2BVictimisation,/peoplepopulationandcommunity/crimeandjustice
Violent%2Band%2BSexual%2BCrime,/peoplepopulationandcommunity/crimeandjustice
Domestic%2BViolence,/peoplepopulationandcommunity/crimeandjustice
Gun%2BCrime,/peoplepopulationandcommunity/crimeandjustice
Homicide,/peoplepopulationandcommunity/crimeandjustice
Knife%2BCrime,/peoplepopulationandcommunity/crimeandjustice
Robbery,/peoplepopulationandcommunity/crimeandjustice
Sexual%2BCrime,/peoplepopulationandcommunity/crimeandjustice
Street%2BCrime,/peoplepopulationandcommunity/crimeandjustice
Justice,/peoplepopulationandcommunity/crimeandjustice
Civil%2Band%2BFamily%2BJustice,/peoplepopulationandcommunity/crimeandjustice
Coroner%27S%2BCourt,/peoplepopulationandcommunity/crimeandjustice
Expenditure%2BOn%2BCivil%2Band%2BFamily%2BJustice,/peoplepopulationandcommunity/crimeandjustice
Legal%2BAid%2BFor%2BCivil%2Band%2BFamily%2BJustice,/peoplepopulationandcommunity/crimeandjustice
Criminal%2BJustice,/peoplepopulationandcommunity/crimeandjustice
Acquittals,/peoplepopulationandcommunity/crimeandjustice
Cautions,/peoplepopulationandcommunity/crimeandjustice
Convictions,/peoplepopulationandcommunity/crimeandjustice
County%2BCourt,/peoplepopulationandcommunity/crimeandjustice
Court%2BOf%2BAppeal,/peoplepopulationandcommunity/crimeandjustice
Crown%2BCourt,/peoplepopulationandcommunity/crimeandjustice
Expenditure%2BOn%2BCriminal%2BJustice,/peoplepopulationandcommunity/crimeandjustice
High%2BCourt,/peoplepopulationandcommunity/crimeandjustice
Legal%2BAid%2BFor%2BCriminal%2BJustice,/peoplepopulationandcommunity/crimeandjustice
Magistrates%27%2BCourt,/peoplepopulationandcommunity/crimeandjustice
Prosecutions%2Band%2BSummonses,/peoplepopulationandcommunity/crimeandjustice
Youth%2BCourt,/peoplepopulationandcommunity/crimeandjustice
Public%2BAttitudes%2Band%2BExperiences,/peoplepopulationandcommunity/crimeandjustice
The%2BJudiciary,/peoplepopulationandcommunity/crimeandjustice
Personnel%2BIn%2BJustice%2BSystem,/peoplepopulationandcommunity/crimeandjustice
Resources%2BFor%2BJustice,/peoplepopulationandcommunity/crimeandjustice
Offenders,/peoplepopulationandcommunity/crimeandjustice
Mentally%2BDisordered%2BOffenders,/peoplepopulationandcommunity/crimeandjustice
Prison,/peoplepopulationandcommunity/crimeandjustice
Discipline%2BIn%2BPrisons,/peoplepopulationandcommunity/crimeandjustice
Expenditure%2BOn%2BPrisons,/peoplepopulationandcommunity/crimeandjustice
Inmate%2BPopulation,/peoplepopulationandcommunity/crimeandjustice
Personnel%2BIn%2BPrison%2BSystem,/peoplepopulationandcommunity/crimeandjustice
Careers%2BOf%2BPrison%2BPersonnel,/peoplepopulationandcommunity/crimeandjustice
Conditions%2BOf%2BPrison%2BPersonnel,/peoplepopulationandcommunity/crimeandjustice
Size%2BOf%2BPrison%2BWorkforce,/peoplepopulationandcommunity/crimeandjustice
Prisoners,/peoplepopulationandcommunity/crimeandjustice
Drug%2BAddicts,/peoplepopulationandcommunity/crimeandjustice
Fine%2BDefaulters,/peoplepopulationandcommunity/crimeandjustice
Health%2BOf%2BPrisoners,/peoplepopulationandcommunity/crimeandjustice
Parole,/peoplepopulationandcommunity/crimeandjustice
Rehabilitation%2BOf%2BOffenders,/peoplepopulationandcommunity/crimeandjustice
Segregation%2BOf%2BPrisoners,/peoplepopulationandcommunity/crimeandjustice
Terrorists,/peoplepopulationandcommunity/crimeandjustice
Young%2BOffenders,/peoplepopulationandcommunity/crimeandjustice
Probation,/peoplepopulationandcommunity/crimeandjustice
Re-offending%2Band%2BCriminal%2BCareers,/peoplepopulationandcommunity/crimeandjustice
Careers%2Band%2BHistories%2Bof%2Bre-offending,/peoplepopulationandcommunity/crimeandjustice
Juvenile%2BRe-offending,/peoplepopulationandcommunity/crimeandjustice
Known%2BOffenders,/peoplepopulationandcommunity/crimeandjustice
Offenders%27%2BIndex,/peoplepopulationandcommunity/crimeandjustice
Persistent%2BOffenders,/peoplepopulationandcommunity/crimeandjustice
Sentencing,/peoplepopulationandcommunity/crimeandjustice
Police,/peoplepopulationandcommunity/crimeandjustice
Attitudes%2BTo%2BPolicing,/peoplepopulationandcommunity/crimeandjustice
Police%2BActivity,/peoplepopulationandcommunity/crimeandjustice
Arrests%2BBy%2BPolice,/peoplepopulationandcommunity/crimeandjustice
Breath%2BTests,/peoplepopulationandcommunity/crimeandjustice
Detentions%2BBy%2BPolice%2BWithout%2BCharge,/peoplepopulationandcommunity/crimeandjustice
Firearms%2BCertificates%2Band%2BRegistration,/peoplepopulationandcommunity/crimeandjustice
Firearms%2BOperations%2BBy%2BPolice,/peoplepopulationandcommunity/crimeandjustice
Intimate%2BSearches%2BBy%2BPolice,/peoplepopulationandcommunity/crimeandjustice
Police%2BBail,/peoplepopulationandcommunity/crimeandjustice
Police%2BCustody,/peoplepopulationandcommunity/crimeandjustice
Road%2BChecks%2BMade%2BBy%2BPolice,/peoplepopulationandcommunity/crimeandjustice
Stops%2Band%2BSearches%2BBy%2BPolice,/peoplepopulationandcommunity/crimeandjustice
Vehicles%2BStopped%2BBy%2BPolice,/peoplepopulationandcommunity/crimeandjustice
Warrants%2BFor%2BFurther%2BDetention%2BBy%2BPolice,/peoplepopulationandcommunity/crimeandjustice
Police%2BPersonnel%2Band%2BResources,/peoplepopulationandcommunity/crimeandjustice
Assaults%2BUpon%2BThe%2BPolice,/peoplepopulationandcommunity/crimeandjustice
Functions%2BOf%2BPolice%2BService,/peoplepopulationandcommunity/crimeandjustice
Police%2BCivilian%2BStaff,/peoplepopulationandcommunity/crimeandjustice
Police%2BOfficers,/peoplepopulationandcommunity/crimeandjustice
Designated%2BPolice%2BOfficers,/peoplepopulationandcommunity/crimeandjustice
Ethnic%2BMinority%2BOfficers,/peoplepopulationandcommunity/crimeandjustice
Police%2BOfficer%2BJoiners,/peoplepopulationandcommunity/crimeandjustice
Police%2BOfficer%2BLeavers,/peoplepopulationandcommunity/crimeandjustice
Special%2BConstables,/peoplepopulationandcommunity/crimeandjustice
Sickness%2BAbsence,/peoplepopulationandcommunity/crimeandjustice
Traffic%2BWardens,/peoplepopulationandcommunity/crimeandjustice
Economy,/economy/
Government%2BReceipts%2Band%2BExpenditure,/economy/governmentpublicsectorandtaxes
Local%2BGovernment%2BFinance,/economy/governmentpublicsectorandtaxes/localgovernmentfinance
Balance%2BSheets%2BFor%2BLocal%2BGovernment%2BFinance,/economy/governmentpublicsectorandtaxes/localgovernmentfinance
Borrowing%2BDirect%2BFrom%2BCentral%2BGovernment,/economy/governmentpublicsectorandtaxes/localgovernmentfinance
Capital%2BAccounts%2BFor%2BLocal%2BGovernment%2BFinance,/economy/governmentpublicsectorandtaxes/localgovernmentfinance
Council%2BTax,/economy/governmentpublicsectorandtaxes/localgovernmentfinance
Current%2BAccounts%2BFor%2BLocal%2BGovernment%2BFinance,/economy/governmentpublicsectorandtaxes/localgovernmentfinance
Financial%2BAccounts%2BFor%2BLocal%2BGovernment,/economy/governmentpublicsectorandtaxes/localgovernmentfinance
Local%2BGovernment%2BExpenditure,/economy/governmentpublicsectorandtaxes/localgovernmentfinance
Local%2BGovernment%2BRequirement,/economy/governmentpublicsectorandtaxes/localgovernmentfinance
Trading%2BEnterprises%2BOf%2BLocal%2BGovernment,/economy/governmentpublicsectorandtaxes/localgovernmentfinance
Public%2BSector%2BFinances,/economy/governmentpublicsectorandtaxes/publicsectorfinance
General%2BGovernment%2BDebt%2Band%2BDeficit,/economy/governmentpublicsectorandtaxes/publicsectorfinance
Non-financial%2BPublic%2BCorporations%2BReceipts%2Band%2BExpenditure,/economy/governmentpublicsectorandtaxes/publicsectorfinance
Public%2BSector%2BBanking%2BGroups,/economy/governmentpublicsectorandtaxes/publicsectorfinance
Non-financial%2BCorporations%27%2BReceipts%2Band%2BExpenditure,/economy/governmentpublicsectorandtaxes/publicsectorfinance
Public%2BSector%2BBanking%2BGroups,/economy/governmentpublicsectorandtaxes/publicsectorfinance
Public%2BSpending,/economy/governmentpublicsectorandtaxes/publicspending
Taxes%2Band%2BRevenue,/economy/governmentpublicsectorandtaxes/taxesandrevenue
Business%2BTaxes,/economy/governmentpublicsectorandtaxes/taxesandrevenue
Capital%2BGains%2BTax,/economy/governmentpublicsectorandtaxes/taxesandrevenue
Corporation%2BTax,/economy/governmentpublicsectorandtaxes/taxesandrevenue
Inland%2BRevenue%2BTaxes,/economy/governmentpublicsectorandtaxes/taxesandrevenue
Direct%2BTax%2BReceipts,/economy/governmentpublicsectorandtaxes/taxesandrevenue
Dividend%2Band%2BDebenture%2BPayments,/economy/governmentpublicsectorandtaxes/taxesandrevenue
Duties%2Band%2BLevies,/economy/governmentpublicsectorandtaxes/taxesandrevenue
Individual%2Band%2BHousehold%2BTax,/economy/governmentpublicsectorandtaxes/taxesandrevenue
Air%2BPassenger%2BTax,/economy/governmentpublicsectorandtaxes/taxesandrevenue
Car%2BTax,/economy/governmentpublicsectorandtaxes/taxesandrevenue
Income%2BTax,/economy/governmentpublicsectorandtaxes/taxesandrevenue
Inheritance%2BTax,/economy/governmentpublicsectorandtaxes/taxesandrevenue
Paye,/economy/governmentpublicsectorandtaxes/taxesandrevenue
Tax%2Band%2BTaxpayers,/economy/governmentpublicsectorandtaxes/taxesandrevenue
Tax%2BOn%2BBenefits%2BIn%2BKind,/economy/governmentpublicsectorandtaxes/taxesandrevenue
Windfall%2BTax,/economy/governmentpublicsectorandtaxes/taxesandrevenue
Industrial%2BTaxation,/economy/governmentpublicsectorandtaxes/taxesandrevenue
Aggregates%2BLevy,/economy/governmentpublicsectorandtaxes/taxesandrevenue
Climate%2BChange%2BLevy,/economy/governmentpublicsectorandtaxes/taxesandrevenue
Hydrocarbon%2BOils%2BTax,/economy/governmentpublicsectorandtaxes/taxesandrevenue
Landfill%2BTax,/economy/governmentpublicsectorandtaxes/taxesandrevenue
Insurance%2BPremium%2BTax,/economy/governmentpublicsectorandtaxes/taxesandrevenue
Licensing%2BTaxes,/economy/governmentpublicsectorandtaxes/taxesandrevenue
Beer%2BTaxes,/economy/governmentpublicsectorandtaxes/taxesandrevenue
Betting%2Band%2BGaming%2BTaxes,/economy/governmentpublicsectorandtaxes/taxesandrevenue
Spirits%2BTaxes,/economy/governmentpublicsectorandtaxes/taxesandrevenue
Tobacco%2BTaxes,/economy/governmentpublicsectorandtaxes/taxesandrevenue
Wine%2BTaxes,/economy/governmentpublicsectorandtaxes/taxesandrevenue
Property%2BTax,/economy/governmentpublicsectorandtaxes/taxesandrevenue
Non-domestic%2BProperty%2BTax,/economy/governmentpublicsectorandtaxes/taxesandrevenue
Property%2BTransactions%2BTax,/economy/governmentpublicsectorandtaxes/taxesandrevenue
Stamp%2BDuty,/economy/governmentpublicsectorandtaxes/taxesandrevenue
Tax%2BCredit%2BRevenue,/economy/governmentpublicsectorandtaxes/taxesandrevenue
Tax%2BRelief,/economy/governmentpublicsectorandtaxes/taxesandrevenue
National%2BAccounts,/economy/nationalaccounts
Balance%2BOf%2BPayments,/economy/nationalaccounts/balanceofpayments
Capital%2BAccount%2BFor%2BBalance%2BOf%2BPayments,/economy/nationalaccounts/balanceofpayments
Capital%2BTransfers%2BNot%2BElsewhere%2BSpecified,/economy/nationalaccounts/balanceofpayments
Debt%2BForgiveness,/economy/nationalaccounts/balanceofpayments
European%2BUnion%2BInstitutions%27%2BCapital%2BAccount,/economy/nationalaccounts/balanceofpayments
Migrants%27%2BTransfers,/economy/nationalaccounts/balanceofpayments
Current%2BAccounts%2BFor%2BBalance%2BOf%2BPayments,/economy/nationalaccounts/balanceofpayments
Current%2BTransfers,/economy/nationalaccounts/balanceofpayments
Income%2BOn%2BCurrent%2BAccount%2BFor%2BBalance%2BOf%2BPayments,/economy/nationalaccounts/balanceofpayments
Trade%2BIn%2BGoods%2BIn%2BCurrent%2BAccount,/economy/nationalaccounts/balanceofpayments
Trade%2BIn%2BServices%2BOn%2BCurrent%2BAccount,/economy/nationalaccounts/balanceofpayments
External%2BDebt%2BStatement,/economy/nationalaccounts/balanceofpayments
Financial%2BCorporations%27%2BExternal%2BDebt%2BStatement,/economy/nationalaccounts/balanceofpayments
General%2BGovernments%27%2BExternal%2BDebt%2BStatement,/economy/nationalaccounts/balanceofpayments
Monetary%2BAuthorities%27%2BExternal%2BDebt%2BStatement,/economy/nationalaccounts/balanceofpayments
Financial%2BAccount%2BFlows,/economy/nationalaccounts/balanceofpayments
Central%2BGovernment%2BReserve%2BAssets%2BIn%2BFinancial%2BAccount%2BFlows,/economy/nationalaccounts/balanceofpayments
Investment%2BBy%2BUk%2BAbroad,/economy/nationalaccounts/balanceofpayments
Investment%2BIn%2BThe%2BUk,/economy/nationalaccounts/balanceofpayments
Geographical%2BAnalysis%2BOf%2BBalance%2BOf%2BPayments,/economy/nationalaccounts/balanceofpayments
Transactions%2BWith%2BEu%2BMembers,/economy/nationalaccounts/balanceofpayments
Transactions%2Bwith%2BNon-EU%2BMembers,/economy/nationalaccounts/balanceofpayments
International%2BInvestment%2BPosition,/economy/nationalaccounts/balanceofpayments
Central%2BGovernment%2BReserve%2BAssets%2BIn%2BInternational%2BInvestment,/economy/nationalaccounts/balanceofpayments
National%2BIncome%2BExpenditure%2Band%2BOutput,/economy/economicoutputandproductivity
Gdp%2BBy%2BCategory%2BOf%2BExpenditure,/economy/grossdomesticproduct(gdp)
Changes%2BIn%2BInventories%2BOf%2BStocks,/economy/grossdomesticproduct(gdp)
Final%2BConsumption%2BExpenditure,/economy/grossdomesticproduct(gdp)
Gross%2BFixed%2BCapital%2BFormation,/economy/grossdomesticproduct(gdp)
Trade%2BIn%2BGoods%2BIn%2BGdp%2BExpenditure,/economy/grossdomesticproduct(gdp)
Trade%2BIn%2BServices%2BIn%2BGdp%2BExpenditure,/economy/grossdomesticproduct(gdp)
Gdp%2BBy%2BCategory%2BOf%2BIncome,/economy/grossdomesticproduct(gdp)
Compensation%2BOf%2BEmployees,/economy/grossdomesticproduct(gdp)
Gross%2BOperating%2BSurplus,/economy/grossdomesticproduct(gdp)
Mixed%2BIncome,/economy/grossdomesticproduct(gdp)
Gva%2BBy%2BCategory%2BOf%2BOutput,/economy/grossvalueadded(gva)
Agriculture%2BGva,/economy/grossvalueadded(gva)
Construction%2BGva,/economy/grossvalueadded(gva)
Fishing%2BGva,/economy/grossvalueadded(gva)
Forestry%2BGva,/economy/grossvalueadded(gva)
Oil%2Band%2BGas%2BExcluded%2BGva,/economy/grossvalueadded(gva)
Production%2BIndustries%2BGva,/economy/grossvalueadded(gva)
Service%2BIndustries%2BGva,/economy/grossvalueadded(gva)
Main%2BAggregates%2BOf%2BNational%2BAccounts,/economy/grossdomesticproduct(gdp)
Gdp%2BAs%2BAn%2BAggregate%2BOf%2BNational%2BAccounts,/economy/grossdomesticproduct(gdp)
Gross%2BNational%2BProduct%2BAs%2BAn%2BAggregate%2BOf%2BNational%2BAccounts,/economy/grossdomesticproduct(gdp)
Household%2BMeasures%2BAs%2BAn%2BAggregate%2BOf%2BNational%2BAccounts,/economy/grossdomesticproduct(gdp)
Net%2BIncome%2BFrom%2BAbroad%2BAs%2BAn%2BAggregate%2BOf%2BNational%2BAccounts,/economy/grossdomesticproduct(gdp)
Regional%2BAccounts,/economy/regionalaccounts/grossdisposablehouseholdincome
Regional%2BGross%2BDisposable%2BHousehold%2BIncome,/economy/regionalaccounts/grossdisposablehouseholdincome
Regional%2BGva,/economy/regionalaccounts/grossdisposablehouseholdincome
Regional%2BShort%2BTerm%2BIndicators,/economy/regionalaccounts/grossdisposablehouseholdincome
Sub-regional%2BGovernment%2BAccounts,/economy/regionalaccounts/grossdisposablehouseholdincome
Satellite%2BAccounts,/economy/nationalaccounts/satelliteaccounts
Environmental%2BSatellite%2BAccounts,/economy/nationalaccounts/satelliteaccounts
Health%2BSatellite%2BAccounts,/economy/nationalaccounts/satelliteaccounts
Household%2BSatellite%2BAccounts,/economy/nationalaccounts/satelliteaccounts
Supply%2Band%2BUse%2BTables,/economy/nationalaccounts/supplyandusetables
Uk%2BSector%2BAccounts,/economy/nationalaccounts/uksectoraccounts
Change%2BIn%2BNet%2BWorth,/economy/nationalaccounts/uksectoraccounts
Central%2BGovernment%27S%2BChange%2BIn%2BNet%2BWorth,/economy/nationalaccounts/uksectoraccounts
Financial%2BCorporations%27%2BChange%2BIn%2BNet%2BWorth,/economy/nationalaccounts/uksectoraccounts
Households%27%2BChange%2BIn%2BNet%2BWorth,/economy/nationalaccounts/uksectoraccounts
Local%2BGovernment%27S%2BChange%2BIn%2BNet%2BWorth,/economy/nationalaccounts/uksectoraccounts
Non-financial%2BCorporations%27%2BChange%2Bin%2BNet%2BWorth,/economy/nationalaccounts/uksectoraccounts
Non-profit%2BInstitutions%2BServing%2BHouseholds%27%2BChange%2Bin%2BNet%2BWorth,/economy/nationalaccounts/uksectoraccounts
Rest%2BOf%2BThe%2BWorld%27S%2BChange%2BIn%2BNet%2BWorth,/economy/nationalaccounts/uksectoraccounts
United%2BKingdom%27S%2BChange%2BIn%2BNet%2BWorth,/economy/nationalaccounts/uksectoraccounts
Distribution%2Band%2BUse%2BOf%2BIncome,/economy/nationalaccounts/uksectoraccounts
Central%2BGovernment%27S%2BDistribution%2Band%2BUse%2BOf%2BIncome,/economy/nationalaccounts/uksectoraccounts
Financial%2BCorporations%27%2BDistribution%2Band%2BUse%2BOf%2BIncome,/economy/nationalaccounts/uksectoraccounts
Households%27%2BDistribution%2Band%2BUse%2BOf%2BIncome,/economy/nationalaccounts/uksectoraccounts
Local%2BGovernment%27S%2BDistribution%2Band%2BUse%2BOf%2BIncome,/economy/nationalaccounts/uksectoraccounts
Non-financial%2BCorporations%27%2BDistribution%2Band%2BUse%2Bof%2BIncome,/economy/nationalaccounts/uksectoraccounts
Non-profit%2BInstitutions%2BServing%2BHouseholds%27%2BDistribution%2Band%2BUse%2Bof%2BIncome,/economy/nationalaccounts/uksectoraccounts
Rest%2BOf%2BThe%2BWorld%27S%2BDistribution%2Band%2BUse%2BOf%2BIncome,/economy/nationalaccounts/uksectoraccounts
United%2BKingdom%27S%2BDistribution%2Band%2BUse%2BOf%2BIncome,/economy/nationalaccounts/uksectoraccounts
Financial%2BAssets%2Band%2BLiabilities,/economy/nationalaccounts/uksectoraccounts
Balance%2BSheets%2BFor%2BFinancial%2BAssets%2Band%2BLiabilities,/economy/nationalaccounts/uksectoraccounts
Net%2BAcquisitions%2BOf%2BFinancial%2BAssets%2Band%2BLiabilities,/economy/nationalaccounts/uksectoraccounts
Net%2BLending%2B%2F%2BBorrowing%2BWithin%2BSector%2BAccounts,/economy/nationalaccounts/uksectoraccounts
Financial%2BCorporations%27%2BNet%2BLending%2B%2F%2BBorrowing%2BWithin%2BSector%2BAccounts,/economy/nationalaccounts/uksectoraccounts
General%2BGovernment%27S%2BNet%2BLending%2B%2F%2BBorrowing%2BWithin%2BSector%2BAccounts,/economy/nationalaccounts/uksectoraccounts
Households%27%2Band%2BNon-profit%2BInstitutions%2BServing%2BHouseholds%27%2BNet%2BLending%2B%2F%2BBorrowing%2BWithin%2BSector%2BSccounts,/economy/nationalaccounts/uksectoraccounts
Non-financial%2BCorporations%27%2BNet%2BLending%2B%2F%2BBorrowing%2BWithin%2BSector%2BAccounts,/economy/nationalaccounts/uksectoraccounts
Rest%2BOf%2BThe%2BWorld%27S%2BNet%2BLending%2B%2F%2BBorrowing%2BWithin%2BSector%2BAccounts,/economy/nationalaccounts/uksectoraccounts
United%2BKingdom%27S%2BNet%2BLending%2B%2F%2BBorrowing%2BWithin%2BSector%2BAccounts,/economy/nationalaccounts/uksectoraccounts
Non-financial%2BAssets,/economy/nationalaccounts/uksectoraccounts
Balance%2BSheets%2Bfor%2BNon-financial%2BAssets,/economy/nationalaccounts/uksectoraccounts
Net%2BAcquisitions%2Bof%2BNon-financial%2BAssets,/economy/nationalaccounts/uksectoraccounts
Production%2Band%2BGeneration%2BOf%2BIncome,/economy/nationalaccounts/uksectoraccounts
Central%2BGovernment%27S%2BGeneration%2BOf%2BIncome,/economy/nationalaccounts/uksectoraccounts
Financial%2BCorporations%27%2BGeneration%2BOf%2BIncome,/economy/nationalaccounts/uksectoraccounts
Households%27%2BGeneration%2BOf%2BIncome,/economy/nationalaccounts/uksectoraccounts
Local%2BGovernment%27S%2BGeneration%2BOf%2BIncome,/economy/nationalaccounts/uksectoraccounts
Non-financial%2BCorporations%27%2BProduction%2Band%2BGeneration%2Bof%2BIncome,/economy/nationalaccounts/uksectoraccounts
Non-profit%2BInstitutions%2BServing%2BHouseholds%27%2BProduction%2Band%2BGeneration%2Bof%2BIncome,/economy/nationalaccounts/uksectoraccounts
Rest%2BOf%2BThe%2BWorld%27S%2BGeneration%2BOf%2BIncome,/economy/nationalaccounts/uksectoraccounts
United%2BKingdom%27S%2BGeneration%2BOf%2BIncome,/economy/nationalaccounts/uksectoraccounts
Personal%2BFinances,/peoplepopulationandcommunity/personalandhouseholdfinances
Consumers%2Band%2BCustomers,/peoplepopulationandcommunity/personalandhouseholdfinances
Consumer%2BCredit,/peoplepopulationandcommunity/personalandhouseholdfinances/debt
Lending%2BTo%2BConsumers,/peoplepopulationandcommunity/personalandhouseholdfinances/debt
Loans%2BAdvances%2Band%2BAcceptances%2BFor%2BConsumers,/peoplepopulationandcommunity/personalandhouseholdfinances/debt
Personal%2BExpenditure,/peoplepopulationandcommunity/personalandhouseholdfinances/expenditure
Charitable%2BDonations,/peoplepopulationandcommunity/personalandhouseholdfinances/expenditure
Goods%2Band%2BServices%2BPurchased%2BBy%2BConsumers,/peoplepopulationandcommunity/householdcharacteristics
National%2BLottery%2BExpenditure%2BBy%2BConsumers,/peoplepopulationandcommunity/personalandhouseholdfinances/expenditure
Pensions,/peoplepopulationandcommunity/personalandhouseholdfinances/pensionssavingsandinvestments
Occupational%2Band%2BPersonal%2BPensions,/peoplepopulationandcommunity/personalandhouseholdfinances/pensionssavingsandinvestments
Pension%2BFunding,/economy/investmentspensionsandtrusts
Pensions%2BIn%2BThe%2BNational%2BAccounts,/economy/investmentspensionsandtrusts
Retirement,/employmentandlabourmarket/peopleinwork/workplacepensions
State%2BPensions,/economy/investmentspensionsandtrusts
Personal%2BDebt%2Band%2BInsolvencies,/peoplepopulationandcommunity/personalandhouseholdfinances/debt
Personal%2BDebt,/peoplepopulationandcommunity/personalandhouseholdfinances/debt
Personal%2BInsolvencies,/peoplepopulationandcommunity/personalandhouseholdfinances/debt
Personal%2BIncome%2Band%2BWealth,/peoplepopulationandcommunity/personalandhouseholdfinances/incomeandwealth
Capital%2BHoldings%2BBy%2BIndividuals,/peoplepopulationandcommunity/personalandhouseholdfinances/incomeandwealth
Effects%2BOf%2BTaxes%2Band%2BBenefits%2BOn%2BHouseholds,/peoplepopulationandcommunity/personalandhouseholdfinances/incomeandwealth
Employee%2BEarnings,/peoplepopulationandcommunity/personalandhouseholdfinances/incomeandwealth
Houses%2Band%2BProperty%2BOwned%2BBy%2BIndividuals,/peoplepopulationandcommunity/personalandhouseholdfinances/incomeandwealth
Repossessions,/peoplepopulationandcommunity/personalandhouseholdfinances/debt
Value%2BOf%2BHouses%2Band%2BProperty,/peoplepopulationandcommunity/personalandhouseholdfinances/incomeandwealth
Income%2BDistribution%2BOf%2BIndividuals,/peoplepopulationandcommunity/personalandhouseholdfinances/incomeandwealth
Income%2BInequality%2BOf%2BHouseholds,/peoplepopulationandcommunity/personalandhouseholdfinances/incomeandwealth
Investments%2BOf%2BIndividuals,/peoplepopulationandcommunity/personalandhouseholdfinances/incomeandwealth
Pensioners%27%2BIncome%2Band%2BWealth,/peoplepopulationandcommunity/personalandhouseholdfinances/incomeandwealth
Income%2BOf%2BPensioners,/peoplepopulationandcommunity/personalandhouseholdfinances/incomeandwealth
Pensioners%2BCovered%2BBy%2BPension%2BSchemes,/peoplepopulationandcommunity/personalandhouseholdfinances/incomeandwealth
Personal%2BSavings,/peoplepopulationandcommunity/personalandhouseholdfinances/pensionssavingsandinvestments
Isas,/peoplepopulationandcommunity/personalandhouseholdfinances/pensionssavingsandinvestments
Peps,/peoplepopulationandcommunity/personalandhouseholdfinances/pensionssavingsandinvestments
Tessas,/peoplepopulationandcommunity/personalandhouseholdfinances/pensionssavingsandinvestments
Shareholdings%2BBy%2BIndividuals,/peoplepopulationandcommunity/personalandhouseholdfinances/pensionssavingsandinvestments
Prices%2BOutput%2Band%2BProductivity,/economy/economicoutputandproductivity
Output,/economy/economicoutputandproductivity/output
Price%2BIndices%2Band%2BInflation,/economy/inflationandpriceindices
Consumer%2BPrice%2BIndices,/economy/inflationandpriceindices
Consumer%2BPrices%2BIndex,/economy/inflationandpriceindices
Pensioner%2BPrices%2BIndices,/economy/inflationandpriceindices
Retail%2BPrices%2BIndex,/economy/inflationandpriceindices
Rossi%2BIndex,/economy/inflationandpriceindices
Tax%2Band%2BPrice%2BIndex,/economy/inflationandpriceindices
House%2BPrice%2BIndices,/economy/inflationandpriceindices
National%2BAccounts%2BImplied%2BDeflators,/economy/nationalaccounts
Producer%2BPrice%2BIndices,/economy/inflationandpriceindices
Export%2BPrice%2BIndices,/economy/inflationandpriceindices
Import%2BPrice%2BIndices,/economy/inflationandpriceindices
Input%2BPrice%2BIndices,/economy/inflationandpriceindices
Output%2BPrice%2BIndices,/economy/inflationandpriceindices
Services%2BProducer%2BPrice%2BIndices,/economy/inflationandpriceindices
Productivity%2BMeasures,/economy/economicoutputandproductivity/productivitymeasures
International%2BComparison%2BOf%2BProductivity,/economy/economicoutputandproductivity/productivitymeasures
Labour%2BProductivity,/economy/economicoutputandproductivity/productivitymeasures
Multi-factor%2BProductivity,/economy/economicoutputandproductivity/productivitymeasures
Quality-adjusted%2BLabour%2BInput,/economy/economicoutputandproductivity/productivitymeasures
Regional%2BProductivity,/economy/economicoutputandproductivity/productivitymeasures
Volume%2BOf%2BCapital%2BServices,/economy/economicoutputandproductivity/productivitymeasures
Government,/economy/governmentpublicsectorandtaxes
Central%2Band%2BLocal%2BGovernment,/economy/governmentpublicsectorandtaxes
Elections%2B%28Local%2BNational%2Band%2BEuropean%29,/peoplepopulationandcommunity/elections
Election%2BExpenses,/peoplepopulationandcommunity/elections
Electoral%2BRegistration,/peoplepopulationandcommunity/elections/electoralregistration
Non-registration%2Bof%2BEligible%2BVoters,/peoplepopulationandcommunity/elections/electoralregistration
Registration%2Bof%2BNon-eligible%2BVoters,/peoplepopulationandcommunity/elections/electoralregistration
Electoral%2BRolls,/peoplepopulationandcommunity/elections/localgovernmentelections
Local%2BGovernment%2BElections,/peoplepopulationandcommunity/elections/localgovernmentelections
London%2BElections%2BNot%2BElsewhere%2BSpecified,/peoplepopulationandcommunity/elections/localgovernmentelections
Turnout%2BAt%2BLondon%2BBorough%2BElections,/peoplepopulationandcommunity/elections/localgovernmentelections
Parliamentary%2BElections,/peoplepopulationandcommunity/elections/generalelections
European%2BParliamentary%2BElections,/peoplepopulationandcommunity/elections/generalelections
London%2BParliamentary%2BElections,/peoplepopulationandcommunity/elections/generalelections
Uk%2BParliamentary%2BElections,/peoplepopulationandcommunity/elections/generalelections
Government%2BResearch%2Band%2BDevelopment,/economy/governmentpublicsectorandtaxes/researchanddevelopmentexpenditure
Employment%2BIn%2BGovernment%2BResearch%2Band%2BDevelopment,/economy/governmentpublicsectorandtaxes/researchanddevelopmentexpenditure
Scientific%2BProcedures,/economy/governmentpublicsectorandtaxes/researchanddevelopmentexpenditure
Licensing%2BOf%2BScientific%2BProcedures,/economy/governmentpublicsectorandtaxes/researchanddevelopmentexpenditure
Research%2BEstablishments%2BGranted%2BLicences,/economy/governmentpublicsectorandtaxes/researchanddevelopmentexpenditure
Sources%2BOf%2BFunds%2BFor%2BGovernment%2BResearch%2Band%2BDevelopment,/economy/governmentpublicsectorandtaxes/researchanddevelopmentexpenditure
Public%2BSector%2BPersonnel,/employmentandlabourmarket/publicsectorpersonnel
Central%2BGovernment%2BPersonnel,/employmentandlabourmarket/publicsectorpersonnel
Civil%2BService%2BPersonnel,/employmentandlabourmarket/publicsectorpersonnel
Age%2BStructure%2BOf%2BCivil%2BService%2BPersonnel,/employmentandlabourmarket/publicsectorpersonnel
Casual%2BCivil%2BService%2BPersonnel,/employmentandlabourmarket/publicsectorpersonnel
Full-time%2BCivil%2BService%2BPersonnel,/employmentandlabourmarket/publicsectorpersonnel
Grade%2BOf%2BCivil%2BService%2BPersonnel,/employmentandlabourmarket/publicsectorpersonnel
Home%2BCivil%2BService%2BPersonnel,/employmentandlabourmarket/publicsectorpersonnel
Industrial%2BCivil%2BService%2BPersonnel,/employmentandlabourmarket/publicsectorpersonnel
Leavers%2BFrom%2BCivil%2BService,/employmentandlabourmarket/publicsectorpersonnel
Location%2BOf%2BCivil%2BService%2BPersonnel,/employmentandlabourmarket/publicsectorpersonnel
Non-industrial%2BCivil%2BService%2BPersonnel,/employmentandlabourmarket/publicsectorpersonnel
Non-manual%2BCivil%2BService%2BPersonnel,/employmentandlabourmarket/publicsectorpersonnel
Part-time%2BCivil%2Bservice%2BPersonnel,/employmentandlabourmarket/publicsectorpersonnel
Recruitment%2BOf%2BCivil%2BServants,/employmentandlabourmarket/publicsectorpersonnel
Resignations%2BOf%2BCivil%2BServants,/employmentandlabourmarket/publicsectorpersonnel
Salary%2BBands%2BOf%2BCivil%2BService%2BPersonnel,/employmentandlabourmarket/publicsectorpersonnel
Senior%2BCivil%2BService%2BPersonnel,/employmentandlabourmarket/publicsectorpersonnel
Support%2BPersonnel%2BIn%2BThe%2BCivil%2BService,/employmentandlabourmarket/publicsectorpersonnel
Diplomatic%2BPersonnel,/employmentandlabourmarket/publicsectorpersonnel
Local%2BGovernment%2BPersonnel,/employmentandlabourmarket/publicsectorpersonnel
Costs%2BOf%2BLocal%2BGovernment%2BPersonnel,/employmentandlabourmarket/publicsectorpersonnel
Full-time%2B%2BLocal%2BGovernment%2BPersonnel,/employmentandlabourmarket/publicsectorpersonnel
Grade%2BOf%2BLocal%2BGovernment%2BPersonnel,/employmentandlabourmarket/publicsectorpersonnel
Industrial%2BPersonnel%2BIn%2BLocal%2BGovernment,/employmentandlabourmarket/publicsectorpersonnel
Location%2BOf%2BLocal%2BGovernment%2BPersonnel,/employmentandlabourmarket/publicsectorpersonnel
Manual%2BPersonnel%2BIn%2BLocal%2BGovernment,/employmentandlabourmarket/publicsectorpersonnel
Non-industrial%2BLocal%2BGovernment%2BPersonnel,/employmentandlabourmarket/publicsectorpersonnel
Non-manual%2B%2BLocal%2BGovernment%2BPersonnel,/employmentandlabourmarket/publicsectorpersonnel
Part-time%2BLocal%2BGovernment%2BPersonnel,/employmentandlabourmarket/publicsectorpersonnel
Vacancies%2BIn%2BLocal%2BGovernment,/employmentandlabourmarket/publicsectorpersonnel
Public%2BService%2BProductivity,/economy/economicoutputandproductivity/publicservicesproductivity
Health%2Band%2BSocial%2BCare,/peoplepopulationandcommunity/healthandsocialcare
Health%2BCare%2BSystem,/peoplepopulationandcommunity/healthandsocialcare/healthcaresystem
Access%2Band%2BWaiting%2BTimes,/peoplepopulationandcommunity/healthandsocialcare/healthcaresystem
Diagnostics%2BWaiting%2BTimes,/peoplepopulationandcommunity/healthandsocialcare/healthcaresystem
Hospital%2BWaiting%2BLists,/peoplepopulationandcommunity/healthandsocialcare/healthcaresystem
Inpatients%27%2BWaiting%2BTimes,/peoplepopulationandcommunity/healthandsocialcare/healthcaresystem
Outpatients%27%2BWaiting%2BTimes,/peoplepopulationandcommunity/healthandsocialcare/healthcaresystem
Health%2BCare%2BPatients,/peoplepopulationandcommunity/healthandsocialcare/healthcaresystem
Deaths%2BOf%2BPatients,/peoplepopulationandcommunity/healthandsocialcare/healthcaresystem
Diagnosis,/peoplepopulationandcommunity/healthandsocialcare/healthcaresystem
Health%2BCare%2BIn%2BThe%2BCommunity,/peoplepopulationandcommunity/healthandsocialcare/healthcaresystem
Inpatients,/peoplepopulationandcommunity/healthandsocialcare/healthcaresystem
Hospital%2BDischarges,/peoplepopulationandcommunity/healthandsocialcare/healthcaresystem
Inpatients%27%2BReferrals%2Band%2BAdmissions,/peoplepopulationandcommunity/healthandsocialcare/healthcaresystem
Outpatients,/peoplepopulationandcommunity/healthandsocialcare/healthcaresystem
Emergency%2BAdmissions,/peoplepopulationandcommunity/healthandsocialcare/healthcaresystem
Outpatients%27%2BReferrals%2Band%2BAttendances,/peoplepopulationandcommunity/healthandsocialcare/healthcaresystem
Patient%2BExperience%2BOf%2BHealth%2BCare,/peoplepopulationandcommunity/healthandsocialcare/healthcaresystem
Surgical%2BProcedures,/peoplepopulationandcommunity/healthandsocialcare/healthcaresystem
Health%2BCare%2BPersonnel%2BFinance%2Band%2BPerformance,/peoplepopulationandcommunity/healthandsocialcare/healthcaresystem
Health%2BCare%2BFinance,/peoplepopulationandcommunity/healthandsocialcare/healthcaresystem
Health%2BCare%2BPersonnel,/peoplepopulationandcommunity/healthandsocialcare/healthcaresystem
Sickness%2Band%2BAbsence%2BOf%2BHealth%2BCare%2BPersonnel,/peoplepopulationandcommunity/healthandsocialcare/healthcaresystem
Health%2BCare%2BProviders%27%2BPerformance,/peoplepopulationandcommunity/healthandsocialcare/healthcaresystem
Hospitals%2Band%2BHealth%2BCare%2BFacilities,/peoplepopulationandcommunity/healthandsocialcare/healthcaresystem
Accident%2Band%2BEmergency%2BServices,/peoplepopulationandcommunity/healthandsocialcare/healthcaresystem
Ambulance%2BService,/peoplepopulationandcommunity/healthandsocialcare/healthcaresystem
Children%27S%2BHealth%2BCare%2BServices,/peoplepopulationandcommunity/healthandsocialcare/healthcaresystem
Hospital%2BBed%2BNumbers,/peoplepopulationandcommunity/healthandsocialcare/healthcaresystem
Hospital%2BWards,/peoplepopulationandcommunity/healthandsocialcare/healthcaresystem
Private%2BHealth%2BCare%2BFacilities,/peoplepopulationandcommunity/healthandsocialcare/healthcaresystem
Health%2BOf%2BThe%2BPopulation,/peoplepopulationandcommunity/healthandsocialcare
Causes%2BOf%2BDeath,/peoplepopulationandcommunity/healthandsocialcare/causesofdeath
Accidental%2BDeath,/peoplepopulationandcommunity/healthandsocialcare/causesofdeath
Accidental%2BDrowning,/peoplepopulationandcommunity/healthandsocialcare/causesofdeath
Accidental%2BPoisoning,/peoplepopulationandcommunity/healthandsocialcare/causesofdeath
Drowning,/peoplepopulationandcommunity/healthandsocialcare/causesofdeath
Exposure%2BTo%2BSmoke%2BFire%2Band%2BFlames,/peoplepopulationandcommunity/healthandsocialcare/causesofdeath
Falls,/peoplepopulationandcommunity/healthandsocialcare/causesofdeath
Homicides%2Band%2BAssaults,/peoplepopulationandcommunity/healthandsocialcare/causesofdeath
Poisoning,/peoplepopulationandcommunity/healthandsocialcare/causesofdeath
Suicides%2Band%2BIntentional%2BSelf-harm,/peoplepopulationandcommunity/healthandsocialcare/causesofdeath
Conditions%2Band%2BDiseases,/peoplepopulationandcommunity/healthandsocialcare/conditionsanddiseases
Asbestosis,/peoplepopulationandcommunity/healthandsocialcare/conditionsanddiseases
Back%2BPain,/peoplepopulationandcommunity/healthandsocialcare/conditionsanddiseases
Cancer,/peoplepopulationandcommunity/healthandsocialcare/conditionsanddiseases
Breast%2BCancer,/peoplepopulationandcommunity/healthandsocialcare/conditionsanddiseases
Cancer%2BMortality,/peoplepopulationandcommunity/healthandsocialcare/conditionsanddiseases
Cancer%2BRegistrations,/peoplepopulationandcommunity/healthandsocialcare/conditionsanddiseases
Cancer%2BSurvival,/peoplepopulationandcommunity/healthandsocialcare/conditionsanddiseases
Colorectal%2BCancer,/peoplepopulationandcommunity/healthandsocialcare/conditionsanddiseases
Cardiovascular%2BDiseases,/peoplepopulationandcommunity/healthandsocialcare/conditionsanddiseases
Childhood%2BMorbidity,/peoplepopulationandcommunity/healthandsocialcare/childhealth
Childhood%2BImmunisation,/peoplepopulationandcommunity/healthandsocialcare/childhealth
Congenital%2BAnomalies,/peoplepopulationandcommunity/healthandsocialcare/conditionsanddiseases
Detection,/peoplepopulationandcommunity/healthandsocialcare/conditionsanddiseases
Diabetes,/peoplepopulationandcommunity/healthandsocialcare/conditionsanddiseases
Hypothyroidism,/peoplepopulationandcommunity/healthandsocialcare/conditionsanddiseases
Infections%2Band%2BParasitic%2BDiseases,/peoplepopulationandcommunity/healthandsocialcare/conditionsanddiseases
Chicken%2BPox,/peoplepopulationandcommunity/healthandsocialcare/conditionsanddiseases
Clostridium%2BDifficile,/peoplepopulationandcommunity/healthandsocialcare/conditionsanddiseases
Herpes,/peoplepopulationandcommunity/healthandsocialcare/conditionsanddiseases
Hiv%2Band%2BAids,/peoplepopulationandcommunity/healthandsocialcare/conditionsanddiseases
Influenza,/peoplepopulationandcommunity/healthandsocialcare/conditionsanddiseases
Intestinal%2BInfections,/peoplepopulationandcommunity/healthandsocialcare/conditionsanddiseases
Measles,/peoplepopulationandcommunity/healthandsocialcare/conditionsanddiseases
Mrsa,/peoplepopulationandcommunity/healthandsocialcare/conditionsanddiseases
Mumps,/peoplepopulationandcommunity/healthandsocialcare/conditionsanddiseases
Rubella,/peoplepopulationandcommunity/healthandsocialcare/conditionsanddiseases
Tuberculosis,/peoplepopulationandcommunity/healthandsocialcare/conditionsanddiseases
Whooping%2BCough,/peoplepopulationandcommunity/healthandsocialcare/conditionsanddiseases
Morbidity%2BIn%2BGeneral%2BPractice,/peoplepopulationandcommunity/healthandsocialcare/conditionsanddiseases
Respiratory%2BDiseases,/peoplepopulationandcommunity/healthandsocialcare/conditionsanddiseases
Disability%2Band%2BSelf-reported%2BHealth,/peoplepopulationandcommunity/healthandsocialcare/disability
Activity%2BLimiting%2BIllness,/peoplepopulationandcommunity/healthandsocialcare/disability
Acute%2Band%2BChronic%2BSickness,/peoplepopulationandcommunity/healthandsocialcare/disability
Health%2BExpectancies,/peoplepopulationandcommunity/healthandsocialcare/disability
National%2BHealth%2BExpectancies,/peoplepopulationandcommunity/healthandsocialcare/disability
Sub-national%2BHealth%2BExpectancies,/peoplepopulationandcommunity/healthandsocialcare/disability
Health%2BInequalities,/peoplepopulationandcommunity/healthandsocialcare/healthinequalities
Drug%2BUse%2BAlcohol%2Band%2BSmoking,/peoplepopulationandcommunity/healthandsocialcare/drugusealcoholandsmoking
Alcohol%2BConsumption,/peoplepopulationandcommunity/healthandsocialcare/drugusealcoholandsmoking
Alcohol%2BMisuse,/peoplepopulationandcommunity/healthandsocialcare/drugusealcoholandsmoking
Attitudes%2BTo%2BDrug%2BUse%2BAlcohol%2Band%2BSmoking,/peoplepopulationandcommunity/healthandsocialcare/drugusealcoholandsmoking
Drug%2BAddiction,/peoplepopulationandcommunity/healthandsocialcare/drugusealcoholandsmoking
Drug%2BMisuse,/peoplepopulationandcommunity/healthandsocialcare/drugusealcoholandsmoking
Drug%2BUse,/peoplepopulationandcommunity/healthandsocialcare/drugusealcoholandsmoking
Rehabilitation%2BTherapy,/peoplepopulationandcommunity/healthandsocialcare/drugusealcoholandsmoking
Smoking%2BAmongst%2BChildren,/peoplepopulationandcommunity/healthandsocialcare/drugusealcoholandsmoking
Smoking%2BCessation,/peoplepopulationandcommunity/healthandsocialcare/drugusealcoholandsmoking
Smoking%2BHabits,/peoplepopulationandcommunity/healthandsocialcare/drugusealcoholandsmoking
Social%2BCare,/peoplepopulationandcommunity/healthandsocialcare/socialcare
Social%2BCare%2BClients,/peoplepopulationandcommunity/healthandsocialcare/socialcare
Care%2BOf%2BThe%2BDisabled,/peoplepopulationandcommunity/healthandsocialcare/socialcare
Care%2BOf%2BThe%2BElderly,/peoplepopulationandcommunity/healthandsocialcare/socialcare
Children%2BIn%2BCare,/peoplepopulationandcommunity/healthandsocialcare/socialcare
Patient%2BExperience%2BOf%2BSocial%2BCare,/peoplepopulationandcommunity/healthandsocialcare/socialcare
Social%2BCare%2BPersonnel%2BFinance%2Band%2BPerformance,/peoplepopulationandcommunity/healthandsocialcare/socialcare
Carers,/peoplepopulationandcommunity/healthandsocialcare/socialcare
Social%2BServices%2BPersonnel,/peoplepopulationandcommunity/healthandsocialcare/socialcare
Specialist%2BHealth%2BServices,/peoplepopulationandcommunity/healthandsocialcare
General%2BPractice%2BServices,/peoplepopulationandcommunity/healthandsocialcare/healthcaresystem
General%2BPractice%2BCharters,/peoplepopulationandcommunity/healthandsocialcare/healthcaresystem
General%2BPractice%2BConsultations,/peoplepopulationandcommunity/healthandsocialcare/healthcaresystem
General%2BPractice%2BPrescribing,/peoplepopulationandcommunity/healthandsocialcare/healthcaresystem
Prescription%2BCharges%2Band%2BExemptions,/peoplepopulationandcommunity/healthandsocialcare/healthcaresystem
General%2BPractice%2BReferrals,/peoplepopulationandcommunity/healthandsocialcare/healthcaresystem
General%2BPractitioners%2BHours%2BOf%2BWork,/peoplepopulationandcommunity/healthandsocialcare/healthcaresystem
List%2BSizes%2BGeneral%2BPractice%2BFundholders,/peoplepopulationandcommunity/healthandsocialcare/healthcaresystem
Numbers%2BOf%2BGeneral%2BPractices,/peoplepopulationandcommunity/healthandsocialcare/healthcaresystem
Numbers%2BOf%2BGeneral%2BPractitioners,/peoplepopulationandcommunity/healthandsocialcare/healthcaresystem
Polyclinics,/peoplepopulationandcommunity/healthandsocialcare/healthcaresystem
Abortions,/peoplepopulationandcommunity/birthsdeathsandmarriages
Mental%2BHealth%2BServices,/peoplepopulationandcommunity/healthandsocialcare/mentalhealth
Attitudes%2BTo%2BMental%2BIllness,/peoplepopulationandcommunity/healthandsocialcare/mentalhealth
Diagnosis%2BOf%2BMental%2BIllness,/peoplepopulationandcommunity/healthandsocialcare/mentalhealth
Guardianship,/peoplepopulationandcommunity/healthandsocialcare/mentalhealth
Legal%2BStatus%2BOf%2BPatients%2BWith%2BMental%2BIllness,/peoplepopulationandcommunity/healthandsocialcare/mentalhealth
Mental%2BHealth%2BBy%2BAge%2BGroup,/peoplepopulationandcommunity/healthandsocialcare/mentalhealth
Mental%2BHealth%2BCategory%2BOf%2BPatients,/peoplepopulationandcommunity/healthandsocialcare/mentalhealth
Mental%2BHealth%2BDisorders%2BIn%2BThe%2BCommunity,/peoplepopulationandcommunity/healthandsocialcare/mentalhealth
Mental%2BHealth%2BPatients%2BIn%2BResidential%2BCare,/peoplepopulationandcommunity/healthandsocialcare/mentalhealth
Outpatient%2Band%2BDay%2BCare%2BServices,/peoplepopulationandcommunity/healthandsocialcare/mentalhealth
Pharmacy%2BServices,/peoplepopulationandcommunity/healthandsocialcare/healthcaresystem
Prescriptions%2BDispensed,/peoplepopulationandcommunity/healthandsocialcare/healthcaresystem
Labour%2BMarket,/employmentandlabourmarket/
Job%2BStatistics,/employmentandlabourmarket/peopleinwork
Jobs,/employmentandlabourmarket/peopleinwork
Workforce%2BJobs,/employmentandlabourmarket/peopleinwork
Vacancies,/employmentandlabourmarket/peopleinwork
Hard-to-fill%2BVacancies,/employmentandlabourmarket/
Vacancies%2BBy%2BIndustry,/employmentandlabourmarket/
Vacancies%2BBy%2BRegion,/employmentandlabourmarket/
Vacancies%2BBy%2BSize%2BOf%2BEnterprise,/employmentandlabourmarket/
People%2BIn%2BWork,/employmentandlabourmarket/peopleinwork
Earnings,/employmentandlabourmarket/peopleinwork/earningsandworkinghours
Annual%2BEarnings,/employmentandlabourmarket/peopleinwork/earningsandworkinghours
Basic%2BPay,/employmentandlabourmarket/peopleinwork/earningsandworkinghours
Bonus%2BEarnings,/employmentandlabourmarket/peopleinwork/earningsandworkinghours
Performance%2BRelated%2BPay,/employmentandlabourmarket/peopleinwork/earningsandworkinghours
Profit%2BRelated%2BPay,/employmentandlabourmarket/peopleinwork/earningsandworkinghours
Earnings%2BBy%2BGender,/employmentandlabourmarket/peopleinwork/earningsandworkinghours
Gender%2BPay%2BGap,/employmentandlabourmarket/peopleinwork/earningsandworkinghours
Earnings%2BBy%2BIndustry,/employmentandlabourmarket/peopleinwork/earningsandworkinghours
Earnings%2BBy%2BRegion,/employmentandlabourmarket/peopleinwork/earningsandworkinghours
Earnings%2BIndices,/employmentandlabourmarket/peopleinwork/earningsandworkinghours
Employee%2BBenefits,/employmentandlabourmarket/peopleinwork/earningsandworkinghours
Car%2BAllowance,/employmentandlabourmarket/peopleinwork/earningsandworkinghours
Fuel%2BAllowance,/employmentandlabourmarket/peopleinwork/earningsandworkinghours
Medical%2BInsurance,/employmentandlabourmarket/peopleinwork/earningsandworkinghours
Share%2BSchemes,/employmentandlabourmarket/peopleinwork/earningsandworkinghours
Hourly%2BEarnings,/employmentandlabourmarket/peopleinwork/earningsandworkinghours
Low%2BPay,/employmentandlabourmarket/peopleinwork/earningsandworkinghours
Monthly%2BEarnings,/employmentandlabourmarket/peopleinwork/earningsandworkinghours
National%2BMinimum%2BWage,/employmentandlabourmarket/peopleinwork/earningsandworkinghours
Self-employment%2BEarnings,/employmentandlabourmarket/peopleinwork/earningsandworkinghours
Weekly%2BEarnings,/employmentandlabourmarket/peopleinwork/earningsandworkinghours
Employment,/employmentandlabourmarket/peopleinwork/employmentandemployeetypes
Attitudes%2BTo%2BWork,/employmentandlabourmarket/peopleinwork/employmentandemployeetypes
Job%2BSatisfaction,/employmentandlabourmarket/peopleinwork/employmentandemployeetypes
Job%2BSecurity,/employmentandlabourmarket/peopleinwork/employmentandemployeetypes
Employee%2BType,/employmentandlabourmarket/peopleinwork/employmentandemployeetypes
Employees%2BBy%2BAge,/employmentandlabourmarket/peopleinwork/employmentandemployeetypes
Employees%2BBy%2BSex,/employmentandlabourmarket/peopleinwork/employmentandemployeetypes
Foreign%2BWorkers,/employmentandlabourmarket/peopleinwork/employmentandemployeetypes
Graduate%2BEmployment,/employmentandlabourmarket/peopleinwork/employmentandemployeetypes
People%2BWith%2BDisabilities,/employmentandlabourmarket/peopleinwork/employmentandemployeetypes
Employment%2BType,/employmentandlabourmarket/peopleinwork/employmentandemployeetypes
Apprenticeships,/employmentandlabourmarket/peopleinwork/employmentandemployeetypes
Employment%2BBy%2BIndustry%2BSector,/employmentandlabourmarket/peopleinwork/employmentandemployeetypes
Employment%2BBy%2BOccupation,/employmentandlabourmarket/peopleinwork/employmentandemployeetypes
Full-time%2BEmployment,/employmentandlabourmarket/peopleinwork/employmentandemployeetypes
Home%2BWorking,/employmentandlabourmarket/peopleinwork/employmentandemployeetypes
Part-time%2BEmployment,/employmentandlabourmarket/peopleinwork/employmentandemployeetypes
Private%2BSector%2BEmployment,/employmentandlabourmarket/peopleinwork/employmentandemployeetypes
Public%2BSector%2BEmployment,/employmentandlabourmarket/peopleinwork/employmentandemployeetypes
Self-employment,/employmentandlabourmarket/peopleinwork/employmentandemployeetypes
Supplementary%2BEmployment,/employmentandlabourmarket/peopleinwork/employmentandemployeetypes
Teleworking,/employmentandlabourmarket/peopleinwork/employmentandemployeetypes
Temporary%2BEmployment,/employmentandlabourmarket/peopleinwork/employmentandemployeetypes
Unpaid%2BWork,/employmentandlabourmarket/peopleinwork/employmentandemployeetypes
Voluntary%2BWork,/employmentandlabourmarket/peopleinwork/employmentandemployeetypes
Labour%2BForce%2Band%2BEmployment%2BRates,/employmentandlabourmarket/peopleinwork/employmentandemployeetypes
Labour%2BForce%2BProjections,/employmentandlabourmarket/peopleinwork/employmentandemployeetypes
Place%2BOf%2BWork,/employmentandlabourmarket/peopleinwork/employmentandemployeetypes
Location%2BOf%2BWorkplace,/employmentandlabourmarket/peopleinwork/employmentandemployeetypes
Size%2BOf%2BWorkplace,/employmentandlabourmarket/peopleinwork/employmentandemployeetypes
Travel%2BTo%2BWork%2BArea,/employmentandlabourmarket/peopleinwork/employmentandemployeetypes
Regional%2BEmployment,/employmentandlabourmarket/peopleinwork/employmentandemployeetypes
Local%2BLabour%2BMarket%2BIndicators,/employmentandlabourmarket/peopleinwork/employmentandemployeetypes
Terms%2Band%2BConditions%2BOf%2BEmployment,/employmentandlabourmarket/peopleinwork/employmentandemployeetypes
Flexible%2BWorking,/employmentandlabourmarket/peopleinwork/employmentandemployeetypes
Holiday%2BLeave,/employmentandlabourmarket/peopleinwork/employmentandemployeetypes
Maternity%2BLeave,/employmentandlabourmarket/peopleinwork/employmentandemployeetypes
Paternity%2BLeave,/employmentandlabourmarket/peopleinwork/employmentandemployeetypes
Sickness%2BAbsence%2BPolicy,/employmentandlabourmarket/peopleinwork/employmentandemployeetypes
Trade%2BUnions,/employmentandlabourmarket/peopleinwork/workplacedisputesandworkingconditions
Working%2BHouseholds,/employmentandlabourmarket/peopleinwork/employmentandemployeetypes
Hours%2BOf%2BWork,/employmentandlabourmarket/peopleinwork/earningsandworkinghours
Average%2BHours,/employmentandlabourmarket/peopleinwork/earningsandworkinghours
Total%2BHours,/employmentandlabourmarket/peopleinwork/earningsandworkinghours
Usual%2BHours,/employmentandlabourmarket/peopleinwork/earningsandworkinghours
Weekly%2BHours,/employmentandlabourmarket/peopleinwork/earningsandworkinghours
Labour%2BDisputes,/employmentandlabourmarket/peopleinwork/workplacedisputesandworkingconditions
Collective%2BAgreement,/employmentandlabourmarket/peopleinwork/workplacedisputesandworkingconditions
Days%2BLost%2BDue%2BTo%2BIndustrial%2BAction,/employmentandlabourmarket/peopleinwork/workplacedisputesandworkingconditions
Employer-employee%2BDialogue,/employmentandlabourmarket/peopleinwork/workplacedisputesandworkingconditions
Productivity,/employmentandlabourmarket/peopleinwork/labourproductivity
People%2BNot%2BIn%2BWork,/employmentandlabourmarket/peoplenotinwork
Claimant%2BCount,/employmentandlabourmarket/peoplenotinwork
Claimant%2BCount%2BBy%2BAge,/employmentandlabourmarket/peoplenotinwork
Claimant%2BCount%2BBy%2BDuration%2BOf%2BClaim,/employmentandlabourmarket/peoplenotinwork
Claimant%2BCount%2BBy%2BOccupation%2BSought,/employmentandlabourmarket/peoplenotinwork
Claimant%2BCount%2BBy%2BReason,/employmentandlabourmarket/peoplenotinwork
Claimant%2BCount%2BBy%2BRegion,/employmentandlabourmarket/peoplenotinwork
Claimant%2BCount%2BBy%2BSex,/employmentandlabourmarket/peoplenotinwork
Claimant%2BCount%2BFlows,/employmentandlabourmarket/peoplenotinwork
Claimant%2BCount%2BRates,/employmentandlabourmarket/peoplenotinwork
Claimant%2BHistory,/employmentandlabourmarket/peoplenotinwork
Jobseeker%27S%2BAllowance,/employmentandlabourmarket/peoplenotinwork
Economic%2BInactivity,/employmentandlabourmarket/peoplenotinwork
Economic%2BInactivity%2BBy%2BAge,/employmentandlabourmarket/peoplenotinwork
Economic%2BInactivity%2BBy%2BDuration,/employmentandlabourmarket/peoplenotinwork
Economic%2BInactivity%2BBy%2BReason,/employmentandlabourmarket/peoplenotinwork
Economic%2BInactivity%2BBy%2BSex,/employmentandlabourmarket/peoplenotinwork
Redundancies,/employmentandlabourmarket/peoplenotinwork/unemployment
Redundancies%2BBy%2BAge,/employmentandlabourmarket/peoplenotinwork/unemployment
Redundancies%2BBy%2BIndustry,/employmentandlabourmarket/peoplenotinwork/unemployment
Redundancies%2BBy%2BRate%2Band%2BLevel,/employmentandlabourmarket/peoplenotinwork/unemployment
Redundancies%2BBy%2BRegion,/employmentandlabourmarket/peoplenotinwork/unemployment
Unemployment,/employmentandlabourmarket/peoplenotinwork/unemployment
Contributions%2BTo%2BIlo%2BUnemployment%2BRates,/employmentandlabourmarket/peoplenotinwork/unemployment
Job%2BSearch%2BMethods,/employmentandlabourmarket/peoplenotinwork/unemployment
Long%2BTerm%2BUnemployment,/employmentandlabourmarket/peoplenotinwork/unemployment
Unemployment%2BBy%2BAge,/employmentandlabourmarket/peoplenotinwork/unemployment
Unemployment%2BBy%2BDuration,/employmentandlabourmarket/peoplenotinwork/unemployment
Unemployment%2BBy%2BEthnicity,/employmentandlabourmarket/peoplenotinwork/unemployment
Unemployment%2BBy%2BHighest%2BQualification,/employmentandlabourmarket/peoplenotinwork/unemployment
Unemployment%2BBy%2BPrevious%2BWork%2Band%2BStatus,/employmentandlabourmarket/peoplenotinwork/unemployment
Unemployment%2BBy%2BRegion,/employmentandlabourmarket/peoplenotinwork/unemployment
Unemployment%2BBy%2BSex,/employmentandlabourmarket/peoplenotinwork/unemployment
Unemployment%2BRates,/employmentandlabourmarket/peoplenotinwork/unemployment
Workless%2BHouseholds,/employmentandlabourmarket/peoplenotinwork/unemployment
People%2Band%2BPlaces,/peoplepopulationandcommunity/
Communities,/peoplepopulationandcommunity/community
Cohesion%2Band%2BParticipation,/peoplepopulationandcommunity/community/cohesionandparticipation
Citizenship%2BSurvey,/peoplepopulationandcommunity/community/cohesionandparticipation
Neighbourhoods%2Band%2BCommunities,/peoplepopulationandcommunity/community/neighbourhoods
Communal%2BEstablishments,/peoplepopulationandcommunity/community/neighbourhoods
Community%2BLegal%2BServices,/peoplepopulationandcommunity/community/neighbourhoods
Community%2BSafety,/peoplepopulationandcommunity/community/neighbourhoods
Community%2BWellbeing,/peoplepopulationandcommunity/wellbeing
Societal%2BWellbeing,/peoplepopulationandcommunity/wellbeing
Measuring%2BSocietal%2BWellbeing,/peoplepopulationandcommunity/wellbeing
Quality%2BOf%2BLife,/peoplepopulationandcommunity/wellbeing
Educational%2BAspects,/peoplepopulationandcommunity/wellbeing
Environmental%2BAspects,/peoplepopulationandcommunity/wellbeing
Health%2BAspects,/peoplepopulationandcommunity/wellbeing
Social%2BCapital,/peoplepopulationandcommunity/wellbeing
Social%2BDeprivation,/peoplepopulationandcommunity/wellbeing
Social%2BJustice,/peoplepopulationandcommunity/wellbeing
Standard%2BOf%2BLiving,/peoplepopulationandcommunity/wellbeing
Sustainable%2BDevelopment,/peoplepopulationandcommunity/community
Housing%2Band%2BHouseholds,/peoplepopulationandcommunity/housing
Households,/peoplepopulationandcommunity/householdcharacteristics
Demographic%2BChanges,/peoplepopulationandcommunity/householdcharacteristics
Household%2BComposition%2Band%2BCharacteristics,/peoplepopulationandcommunity/householdcharacteristics
Disability%2BWithin%2BHouseholds,/peoplepopulationandcommunity/householdcharacteristics
Ethnicity%2BWithin%2BHouseholds,/peoplepopulationandcommunity/householdcharacteristics
Households%2BBy%2BSize,/peoplepopulationandcommunity/householdcharacteristics
Households%2BBy%2BSocial%2BClass,/peoplepopulationandcommunity/householdcharacteristics
Households%2BBy%2BTenure,/peoplepopulationandcommunity/householdcharacteristics
Living%2BArrangements,/peoplepopulationandcommunity/householdcharacteristics
One%2BPerson%2BHouseholds,/peoplepopulationandcommunity/householdcharacteristics
Pensioner%2BHouseholds,/peoplepopulationandcommunity/householdcharacteristics
Single%2BParent%2BHouseholds,/peoplepopulationandcommunity/householdcharacteristics
Household%2BIncome%2Band%2BExpenditure,/peoplepopulationandcommunity/personalandhouseholdfinances
Gross%2BHousehold%2BIncome,/peoplepopulationandcommunity/personalandhouseholdfinances
Low%2BIncome%2BHouseholds,/peoplepopulationandcommunity/personalandhouseholdfinances
Household%2BProjections,/peoplepopulationandcommunity/householdcharacteristics
Living%2BConditions,/peoplepopulationandcommunity/householdcharacteristics
Number%2BOf%2BHouseholds,/peoplepopulationandcommunity/householdcharacteristics
Housing%2BMarket,/peoplepopulationandcommunity/housing
First-time%2BBuyers,/peoplepopulationandcommunity/housing
Land%2BPrices,/peoplepopulationandcommunity/housing
Property%2BRepossessions,/peoplepopulationandcommunity/housing
Right%2BTo%2BBuy%2BScheme,/peoplepopulationandcommunity/housing
Housing%2BNeed%2Band%2BHomelessness,/peoplepopulationandcommunity/housing
Applications%2BFor%2BHousing,/peoplepopulationandcommunity/housing
Categories%2BOf%2BNeed%2BFor%2BHousing,/peoplepopulationandcommunity/housing
Causes%2BOf%2BHomelessness,/peoplepopulationandcommunity/housing
Households%2BAccepted%2BAs%2BHomeless%2BBy%2BLocal%2BAuthorities,/peoplepopulationandcommunity/housing
Households%2BPlaced%2BIn%2BTemporary%2BAccommodation,/peoplepopulationandcommunity/housing
Local%2BAuthority%2BAction%2BFor%2BHousing,/peoplepopulationandcommunity/housing
Overcrowded%2BHouseholds,/peoplepopulationandcommunity/housing
Rough%2BSleeping,/peoplepopulationandcommunity/housing
Statutory%2BHomelessness,/peoplepopulationandcommunity/housing
Housing%2BStock,/peoplepopulationandcommunity/housing
Affordable%2BHousing,/peoplepopulationandcommunity/housing
Age%2BOf%2BProperty,/peoplepopulationandcommunity/housing
Condition%2BOf%2BHousing%2BStock,/peoplepopulationandcommunity/housing
Council%2BTax%2BBand,/peoplepopulationandcommunity/housing
Decent%2BHomes%2BStandard,/peoplepopulationandcommunity/housing
Local%2BAuthority%2BSales%2BOf%2BHousing,/peoplepopulationandcommunity/housing
New%2BHousebuilding%2BActivity,/peoplepopulationandcommunity/housing
Number%2BOf%2BRooms%2BOf%2BProperty,/peoplepopulationandcommunity/housing
Private%2BRented%2BHousing,/peoplepopulationandcommunity/housing
Property%2BBy%2BTenure%2BType,/peoplepopulationandcommunity/housing
Social%2BHousing,/peoplepopulationandcommunity/housing
People,/peoplepopulationandcommunity/
Culture%2Band%2BSport,/peoplepopulationandcommunity/culturalidentity
Culture,/peoplepopulationandcommunity/culturalidentity
Internet%2Band%2BIct,/peoplepopulationandcommunity/householdcharacteristics/homeinternetandsocialmediausage
Sports%2Band%2BRecreation,/peoplepopulationandcommunity/leisureandtourism
Identity,/peoplepopulationandcommunity/culturalidentity
Ethnicity%2Band%2BIdentity,/peoplepopulationandcommunity/culturalidentity/ethnicity
National%2BIdentity,/peoplepopulationandcommunity/culturalidentity
Religion%2Band%2BIdentity,/peoplepopulationandcommunity/culturalidentity/religion
Sexual%2BIdentity,/peoplepopulationandcommunity/culturalidentity/sexuality
Language,/peoplepopulationandcommunity/culturalidentity/language
First%2BLanguage%2BAt%2BHome,/peoplepopulationandcommunity/culturalidentity/language
Welsh%2BLanguage,/peoplepopulationandcommunity/culturalidentity/language
Social%2BProtection%2Band%2BBenefits,/peoplepopulationandcommunity/personalandhouseholdfinances
Low%2BIncome,/peoplepopulationandcommunity/personalandhouseholdfinances
National%2BHealth%2BService,/peoplepopulationandcommunity/healthandsocialcare/healthcaresystem
Pension%2BSchemes,/peoplepopulationandcommunity/personalandhouseholdfinances/pensionssavingsandinvestments
Occupational%2BPension,/employmentandlabourmarket/peopleinwork/workplacepensions
Personal%2BPension,/peoplepopulationandcommunity/personalandhouseholdfinances/pensionssavingsandinvestments
Stakeholder%2BPension,/peoplepopulationandcommunity/personalandhouseholdfinances/pensionssavingsandinvestments
Social%2BProtection%2BPolicies,/peoplepopulationandcommunity/personalandhouseholdfinances
Social%2BSecurity%2BBenefits,/peoplepopulationandcommunity/personalandhouseholdfinances
Bereavement%2BBenefits,/peoplepopulationandcommunity/personalandhouseholdfinances
Child%2BBenefit,/peoplepopulationandcommunity/personalandhouseholdfinances
Incapacity%2BBenefit,/peoplepopulationandcommunity/personalandhouseholdfinances
Jobseeker%27S%2BAllowance%2BBenefit,/peoplepopulationandcommunity/personalandhouseholdfinances
State%2BPension,/peoplepopulationandcommunity/personalandhouseholdfinances
Tax%2BCredits,/peoplepopulationandcommunity/personalandhouseholdfinances
Tourism,/peoplepopulationandcommunity/leisureandtourism
Domestic%2BTourism,/peoplepopulationandcommunity/leisureandtourism
Accommodation%2BIn%2BThe%2BUk,/businessindustryandtrade/tourismindustry
Business%2BTrips%2BIn%2BThe%2BUk,/businessindustryandtrade/tourismindustry
Day%2BTrips,/peoplepopulationandcommunity/leisureandtourism
Demographic%2BProfile%2BOf%2BTourists,/peoplepopulationandcommunity/leisureandtourism
Employment%2BIn%2BUk%2BTourism,/businessindustryandtrade/tourismindustry
Expenditure%2BOf%2BTourists%2BIn%2BThe%2BUk,/businessindustryandtrade/tourismindustry
Leisure%2BTrips%2BIn%2BThe%2BUk,/peoplepopulationandcommunity/leisureandtourism
Length%2BOf%2BStay%2BIn%2BThe%2BUk,/peoplepopulationandcommunity/leisureandtourism
Nationality%2BOf%2BTourists,/peoplepopulationandcommunity/leisureandtourism
Port%2BOf%2BEntry%2BInto%2BThe%2BUk,/peoplepopulationandcommunity/leisureandtourism
Tourism%2BIn%2BEngland,/peoplepopulationandcommunity/leisureandtourism
Tourism%2BIn%2BNorthern%2BIreland,/peoplepopulationandcommunity/leisureandtourism
Tourism%2BIn%2BScotland,/peoplepopulationandcommunity/leisureandtourism
Tourism%2BIn%2BWales,/peoplepopulationandcommunity/leisureandtourism
Tourist%2BAttractions,/peoplepopulationandcommunity/leisureandtourism
Visits%2BTo%2BFriends%2Band%2BRelatives%2BIn%2BThe%2BUk,/peoplepopulationandcommunity/leisureandtourism
Visits%2BTo%2BThe%2BUk%2BBy%2BOverseas%2BResidents,/peoplepopulationandcommunity/leisureandtourism
Visits%2BWithin%2BThe%2BUk%2BBy%2BUk%2BResidents,/peoplepopulationandcommunity/leisureandtourism
Economic%2BValue%2BOf%2BTourism,/businessindustryandtrade/tourismindustry
International%2BTourism,/peoplepopulationandcommunity/leisureandtourism
Accommodation%2BOverseas,/peoplepopulationandcommunity/leisureandtourism
Business%2BTrips%2BOverseas,/businessindustryandtrade/tourismindustry
Countries%2BVisited,/peoplepopulationandcommunity/leisureandtourism
Employment%2BIn%2BOverseas%2BTourism,/employmentandlabourmarket/peopleinwork/employmentandemployeetypes
Expenditure%2BOf%2BTourists%2BOverseas,/peoplepopulationandcommunity/leisureandtourism
Leisure%2BTrips%2BOverseas,/peoplepopulationandcommunity/leisureandtourism
Length%2BOf%2BStay%2BOverseas,/peoplepopulationandcommunity/leisureandtourism
Visits%2BTo%2BFriends%2Band%2BRelatives%2BOverseas,/peoplepopulationandcommunity/leisureandtourism
Population,/peoplepopulationandcommunity/populationandmigration
Ageing,/peoplepopulationandcommunity/birthsdeathsandmarriages/ageing
Older%2BPeople,/peoplepopulationandcommunity/birthsdeathsandmarriages/ageing
Births%2Band%2BFertility,/peoplepopulationandcommunity/birthsdeathsandmarriages
Conception%2Band%2BFertility%2BRates,/peoplepopulationandcommunity/birthsdeathsandmarriages/conceptionandfertilityrates
Conceptions,/peoplepopulationandcommunity/birthsdeathsandmarriages/conceptionandfertilityrates
Conception%2BRates,/peoplepopulationandcommunity/birthsdeathsandmarriages/conceptionandfertilityrates
Conceptions%2BBy%2BAge%2BOf%2BMother,/peoplepopulationandcommunity/birthsdeathsandmarriages/conceptionandfertilityrates
Conceptions%2BBy%2BMarital%2BStatus,/peoplepopulationandcommunity/birthsdeathsandmarriages/conceptionandfertilityrates
Conceptions%2BBy%2BMother%27S%2BArea%2BOf%2BResidence,/peoplepopulationandcommunity/birthsdeathsandmarriages/conceptionandfertilityrates
Conceptions%2BBy%2BOutcome,/peoplepopulationandcommunity/birthsdeathsandmarriages/conceptionandfertilityrates
Fertility,/peoplepopulationandcommunity/birthsdeathsandmarriages/conceptionandfertilityrates
Age-specific%2BFertility%2BRates,/peoplepopulationandcommunity/birthsdeathsandmarriages/conceptionandfertilityrates
Average%2BFamily%2BSize,/peoplepopulationandcommunity/birthsdeathsandmarriages/conceptionandfertilityrates
Crude%2BBirth%2BRate,/peoplepopulationandcommunity/birthsdeathsandmarriages/conceptionandfertilityrates
General%2BFertility%2BRates,/peoplepopulationandcommunity/birthsdeathsandmarriages/conceptionandfertilityrates
Gross%2BReproduction%2BRates,/peoplepopulationandcommunity/birthsdeathsandmarriages/conceptionandfertilityrates
Net%2BReproduction%2BRates,/peoplepopulationandcommunity/birthsdeathsandmarriages/conceptionandfertilityrates
Total%2BFertility%2BRates,/peoplepopulationandcommunity/birthsdeathsandmarriages/conceptionandfertilityrates
Live%2BBirths%2Band%2BStillbirths,/peoplepopulationandcommunity/birthsdeathsandmarriages/livebirths
Live%2BBirths,/peoplepopulationandcommunity/birthsdeathsandmarriages/livebirths
Age%2BOf%2BParents%2BAt%2BChild%27S%2BBirth,/peoplepopulationandcommunity/birthsdeathsandmarriages/livebirths
Birth%2BOrder,/peoplepopulationandcommunity/birthsdeathsandmarriages/livebirths
Birth%2BRates,/peoplepopulationandcommunity/birthsdeathsandmarriages/livebirths
Birth%2BRegistrations,/peoplepopulationandcommunity/birthsdeathsandmarriages/livebirths
Births%2BBy%2BMarital%2BStatus,/peoplepopulationandcommunity/birthsdeathsandmarriages/livebirths
Births%2BBy%2BMother%27S%2BArea%2BOf%2BResidence,/peoplepopulationandcommunity/birthsdeathsandmarriages/livebirths
Births%2BWithin%2BOr%2BOutside%2BMarriage,/peoplepopulationandcommunity/birthsdeathsandmarriages/livebirths
Birthweight%2BOf%2BLive%2BBirth,/peoplepopulationandcommunity/birthsdeathsandmarriages/livebirths
Country%2BOf%2BBirth%2BOf%2BEach%2BParent,/peoplepopulationandcommunity/birthsdeathsandmarriages/livebirths
Live%2BBirths%2Band%2BChildren%2BFrom%2BPrevious%2BRelationships,/peoplepopulationandcommunity/birthsdeathsandmarriages/livebirths
Live%2BBirths%2Band%2BMultiple%2BBirths,/peoplepopulationandcommunity/birthsdeathsandmarriages/livebirths
Seasonal%2BVariation%2BOf%2BBirths,/peoplepopulationandcommunity/birthsdeathsandmarriages/livebirths
Socio-economic%2BClassification%2Bof%2BMother%2Band%2BFather,/peoplepopulationandcommunity/birthsdeathsandmarriages/livebirths
Stillbirths,/peoplepopulationandcommunity/birthsdeathsandmarriages/stillbirths
Age%2BOf%2BParents%2BAt%2BChild%27S%2BStillbirth,/peoplepopulationandcommunity/birthsdeathsandmarriages/stillbirths
Birthweight%2BOf%2BStillbirth,/peoplepopulationandcommunity/birthsdeathsandmarriages/stillbirths
Stillbirths%2Band%2BChildren%2BFrom%2BPrevious%2BRelationships,/peoplepopulationandcommunity/birthsdeathsandmarriages/stillbirths
Stillbirths%2Band%2BMultiple%2BBirths,/peoplepopulationandcommunity/birthsdeathsandmarriages/stillbirths
Stillbirths%2BBy%2BCause,/peoplepopulationandcommunity/birthsdeathsandmarriages/stillbirths
Stillbirths%2BBy%2BMarital%2BStatus,/peoplepopulationandcommunity/birthsdeathsandmarriages/stillbirths
Stillbirths%2BWithin%2BOr%2BOutside%2BMarriage,/peoplepopulationandcommunity/birthsdeathsandmarriages/stillbirths
Maternities,/peoplepopulationandcommunity/birthsdeathsandmarriages/maternities
Maternities%2Band%2BChildren%2BFrom%2BPrevious%2BRelationships,/peoplepopulationandcommunity/birthsdeathsandmarriages/maternities
Maternities%2Band%2BMultiple%2BBirths,/peoplepopulationandcommunity/birthsdeathsandmarriages/maternities
Maternities%2BBy%2BAge%2BOf%2BParents,/peoplepopulationandcommunity/birthsdeathsandmarriages/maternities
Maternities%2BBy%2BOutcome,/peoplepopulationandcommunity/birthsdeathsandmarriages/maternities
Maternities%2BBy%2BSex%2BOf%2BChild,/peoplepopulationandcommunity/birthsdeathsandmarriages/maternities
Maternities%2BWithin%2BOr%2BOutside%2BMarriage,/peoplepopulationandcommunity/birthsdeathsandmarriages/maternities
Paternities,/peoplepopulationandcommunity/birthsdeathsandmarriages/maternities
Place%2BOf%2BConfinement,/peoplepopulationandcommunity/birthsdeathsandmarriages/maternities
Deaths,/peoplepopulationandcommunity/birthsdeathsandmarriages/deaths
Life%2BExpectancies,/peoplepopulationandcommunity/birthsdeathsandmarriages/lifeexpectancies
Disability-free%2BLife%2BExpectancy,/peoplepopulationandcommunity/birthsdeathsandmarriages/lifeexpectancies
Healthy%2BLife%2BExpectancy,/peoplepopulationandcommunity/birthsdeathsandmarriages/lifeexpectancies
Life%2BTables,/peoplepopulationandcommunity/birthsdeathsandmarriages/lifeexpectancies
Decennial%2BLife%2BTables,/peoplepopulationandcommunity/birthsdeathsandmarriages/lifeexpectancies
Interim%2BLife%2BTables,/peoplepopulationandcommunity/birthsdeathsandmarriages/lifeexpectancies
Projected%2BLife%2BExpectancy,/peoplepopulationandcommunity/birthsdeathsandmarriages/lifeexpectancies
Mortality%2BRates,/peoplepopulationandcommunity/birthsdeathsandmarriages/deaths
Alcohol%2BRelated%2BDeaths,/peoplepopulationandcommunity/birthsdeathsandmarriages/deaths
Child%2BMortality,/peoplepopulationandcommunity/birthsdeathsandmarriages/deaths
Infant%2BMortality,/peoplepopulationandcommunity/birthsdeathsandmarriages/deaths
Death%2BRegistrations,/peoplepopulationandcommunity/birthsdeathsandmarriages/deaths
Certification%2BOf%2BDeath,/peoplepopulationandcommunity/birthsdeathsandmarriages/deaths
Coding%2BOf%2BDeaths,/peoplepopulationandcommunity/birthsdeathsandmarriages/deaths
Coroner%2BConsultation,/peoplepopulationandcommunity/birthsdeathsandmarriages/deaths
Inquests,/peoplepopulationandcommunity/birthsdeathsandmarriages/deaths
Post-mortems,/peoplepopulationandcommunity/birthsdeathsandmarriages/deaths
Deaths%2BInvolving%2BHealthcare%2BAssociated%2BInfections,/peoplepopulationandcommunity/birthsdeathsandmarriages/deaths
Drug-related%2BDeaths,/peoplepopulationandcommunity/birthsdeathsandmarriages/deaths
Mortality%2BOf%2BMigrants,/peoplepopulationandcommunity/birthsdeathsandmarriages/deaths
Seasonal%2BMortality,/peoplepopulationandcommunity/birthsdeathsandmarriages/deaths
Suicide%2BRates,/peoplepopulationandcommunity/birthsdeathsandmarriages/deaths
Families,/peoplepopulationandcommunity/birthsdeathsandmarriages/families
Adoptions,/peoplepopulationandcommunity/birthsdeathsandmarriages/adoption
Adopted%2Band%2BCounselled%2BPersons,/peoplepopulationandcommunity/birthsdeathsandmarriages/adoption
Adoption%2BRates,/peoplepopulationandcommunity/birthsdeathsandmarriages/adoption
Families%2BChildren%2Band%2BYoung%2BPeople,/peoplepopulationandcommunity/birthsdeathsandmarriages/families
Families%2BWith%2BChildren,/peoplepopulationandcommunity/birthsdeathsandmarriages/families
Family%2BComposition,/peoplepopulationandcommunity/birthsdeathsandmarriages/families
Marriages%2BCohabitations%2BCivil%2BPartnerships%2Band%2BDivorces,/peoplepopulationandcommunity/birthsdeathsandmarriages/marriagecohabitationandcivilpartnerships
Civil%2BPartnerships,/peoplepopulationandcommunity/birthsdeathsandmarriages/marriagecohabitationandcivilpartnerships
Civil%2BPartnership%2BRegistrations,/peoplepopulationandcommunity/birthsdeathsandmarriages/marriagecohabitationandcivilpartnerships
Cohabitations,/peoplepopulationandcommunity/birthsdeathsandmarriages/marriagecohabitationandcivilpartnerships
Divorces,/peoplepopulationandcommunity/birthsdeathsandmarriages/divorce
Divorce%2BRegistrations,/peoplepopulationandcommunity/birthsdeathsandmarriages/divorce
Marriages,/peoplepopulationandcommunity/birthsdeathsandmarriages/marriagecohabitationandcivilpartnerships
Address%2BOf%2BBride%2Band%2BGroom,/peoplepopulationandcommunity/birthsdeathsandmarriages/marriagecohabitationandcivilpartnerships
Age%2BAt%2BMarriage,/peoplepopulationandcommunity/birthsdeathsandmarriages/marriagecohabitationandcivilpartnerships
Area%2BOf%2BOccurrence%2BOf%2BMarriage,/peoplepopulationandcommunity/birthsdeathsandmarriages/marriagecohabitationandcivilpartnerships
Country%2BOf%2BBirth%2BOf%2BMarriage%2BPartners,/peoplepopulationandcommunity/birthsdeathsandmarriages/marriagecohabitationandcivilpartnerships
First%2BMarriage%2BRate,/peoplepopulationandcommunity/birthsdeathsandmarriages/marriagecohabitationandcivilpartnerships
Marriage%2BProjections,/peoplepopulationandcommunity/birthsdeathsandmarriages/marriagecohabitationandcivilpartnerships
Marriage%2BRate,/peoplepopulationandcommunity/birthsdeathsandmarriages/marriagecohabitationandcivilpartnerships
Marriage%2BRegistrations,/peoplepopulationandcommunity/birthsdeathsandmarriages/marriagecohabitationandcivilpartnerships
Marriages%2BSolemnised%2Band%2BManner,/peoplepopulationandcommunity/birthsdeathsandmarriages/marriagecohabitationandcivilpartnerships
Place%2BOf%2BMarriage,/peoplepopulationandcommunity/birthsdeathsandmarriages/marriagecohabitationandcivilpartnerships
Previous%2BMarital%2BStatus,/peoplepopulationandcommunity/birthsdeathsandmarriages/marriagecohabitationandcivilpartnerships
Type%2BOf%2BMarriage%2BCeremony%2Band%2BDenomination,/peoplepopulationandcommunity/birthsdeathsandmarriages/marriagecohabitationandcivilpartnerships
Migration,/peoplepopulationandcommunity/populationandmigration
Immigration%2BControl%2Band%2BAsylum,/peoplepopulationandcommunity/populationandmigration/internationalmigration
Applications%2BFor%2BCitizenship,/peoplepopulationandcommunity/populationandmigration/internationalmigration
Applications%2BFor%2BSettlement,/peoplepopulationandcommunity/populationandmigration/internationalmigration
Asylum%2BSeekers,/peoplepopulationandcommunity/populationandmigration/internationalmigration
Country%2BOf%2BOrigin%2BOf%2BInformation,/peoplepopulationandcommunity/populationandmigration/internationalmigration
Immigration%2BEnforcement%2Band%2BCompliance,/peoplepopulationandcommunity/populationandmigration/internationalmigration
Passenger%2BAdmissions,/peoplepopulationandcommunity/populationandmigration/internationalmigration
International%2BMigration,/peoplepopulationandcommunity/populationandmigration/internationalmigration
Local%2BArea%2BMigration%2BIndicators,/peoplepopulationandcommunity/populationandmigration/internationalmigration
Long%2BTerm%2BMigrants,/peoplepopulationandcommunity/populationandmigration/internationalmigration
Population%2BBy%2BNationality%2Band%2BCountry%2BOf%2BBirth,/peoplepopulationandcommunity/populationandmigration/internationalmigration
Short%2BTerm%2BMigrants,/peoplepopulationandcommunity/populationandmigration/internationalmigration
Migration%2BWithin%2BThe%2BUk,/peoplepopulationandcommunity/populationandmigration/migrationwithintheuk
Population%2BChange,/peoplepopulationandcommunity/populationandmigration
Population%2BEstimates,/peoplepopulationandcommunity/populationandmigration/populationestimates
Population%2BEstimates%2BBy%2BAge%2Band%2BSex,/peoplepopulationandcommunity/populationandmigration/populationestimates
Population%2BEstimates%2BBy%2BEthnic%2BGroup,/peoplepopulationandcommunity/populationandmigration/populationestimates
Population%2BEstimates%2BBy%2BMarital%2BStatus,/peoplepopulationandcommunity/populationandmigration/populationestimates
Population%2BProjections,/peoplepopulationandcommunity/populationandmigration/populationprojections
National%2BPopulation%2BProjections,/peoplepopulationandcommunity/populationandmigration/populationprojections
Population%2BProjections%2BBy%2BAge%2Band%2BSex,/peoplepopulationandcommunity/populationandmigration/populationprojections
Population%2BProjections%2BBy%2BMarital%2BStatus,/peoplepopulationandcommunity/populationandmigration/populationprojections
Sub-national%2BPopulation%2BProjections,/peoplepopulationandcommunity/populationandmigration/populationprojections
Travel%2Band%2BTransport,/peoplepopulationandcommunity/leisureandtourism
Air%2BPassengers,/peoplepopulationandcommunity/leisureandtourism
Passenger%2BTransport%2BBy%2BWater,/peoplepopulationandcommunity/leisureandtourism
Pleasure%2BBoats,/peoplepopulationandcommunity/leisureandtourism
Crime%2BOn%2BRail%2BTransport,/peoplepopulationandcommunity/crimeandjustice
Crime%2BOn%2BPublic%2BRoad%2BTransport,/peoplepopulationandcommunity/crimeandjustice
Assaults%2BOn%2BBus%2BStaff%2Band%2BUsers,/peoplepopulationandcommunity/crimeandjustice
Vandalism%2BOn%2BBuses,/peoplepopulationandcommunity/crimeandjustice
